angle_0,angle_1,angle_2,angle_3,angle_4,angle_5,angle_6,angle_7,angle_8,angle_9
106.66063715011785,79.63392587781765,126.32742279644518,174.2942247284355,31.63374142845037,73.33451478400804,77.82009698956556,63.34393380403282,127.35569869142158,142.1140016748092
103.26724840314664,80.81727654378138,120.46472957620317,171.8447937100079,29.6741707808587,76.39139527682575,75.25091564705633,66.14041420635475,132.62255558171313,143.29452138969637
100.95224735787605,82.57583466488722,114.14519454905948,167.93502588349583,27.660489767307674,79.30445347633437,72.92364102684986,68.89683206505578,136.8198026484017,143.3696282581204
101.0098293964256,85.9081441933709,107.68356266177263,163.20434859375342,25.535350238904336,81.28599378696914,71.2855192433852,71.69589743098808,138.35367581242113,140.9630096416834
104.67585593171171,92.03423900540317,101.53157859955438,157.89583588596025,23.288792733421566,81.63498650074155,70.59113121689808,74.6153146068057,136.8123119828248,135.2442749066162
111.68273973556495,101.55962422178101,96.544784213852,151.62252179702813,21.013326266951754,80.30111645328681,70.72916837289311,77.64252735418681,134.02578283880365,130.52734860070578
120.45990753437374,114.44440456069664,93.81076874012804,144.08787201102814,18.841710591263478,77.49414077241359,71.54700263168809,80.7329494592152,132.3526806476099,133.34324105801818
128.27068297748707,128.31380407599264,95.04381172519166,135.34975286614076,16.926366971695966,73.57200099212635,72.92616717620002,83.83229788414857,132.61301162073016,140.99591906319014
132.5945617762963,138.3766817206351,103.92498587323743,125.81074630827334,15.43025522487141,69.0407604777137,74.7656121699086,86.87696873575456,133.4058550032002,140.4547034468872
132.5534453945371,142.59373420207137,125.89924490075732,116.07841566498251,14.49817102006121,64.46298028890308,76.96853845283114,89.79522792364877,133.38771430953278,138.4160268536144
129.5133137539556,143.1995741936545,152.24850791912314,106.76622166089729,14.204546233617883,60.30764549186193,79.43250645938608,92.50917653428833,133.15631502585248,140.21195114642688
125.26787043438651,141.71529549880728,166.0963961674916,98.34697037963693,14.508805529768335,56.845784213738916,82.0429826472836,94.93731299381281,133.90462561917883,142.0550343400001
121.73653064438916,138.82347462897948,169.10548175265353,91.117228822813,15.265422870708917,54.151570632718034,84.6708777206972,96.99740095728941,135.61743919451834,139.65669081904164
120.40029620496145,135.4541143577984,170.07483807170973,85.23739212393754,16.28219374474062,52.17488493352503,87.1744178727941,98.60930794751648,136.8807283805788,134.6128252094639
121.84467935944004,132.6688196901069,172.17906192571786,80.74579071903423,17.379611178182603,50.79534470429576,89.42551204839634,99.71344116879952,136.3476217658118,131.54788194915426
125.24851329110939,130.629188395596,167.06854142687945,77.49414968716121,18.4346718416115,49.817258177425686,91.38051764290739,100.32102303006216,134.25033977912054,131.68870133542433
129.6303734967948,129.20021848279083,138.29729543512573,75.29893014722876,19.37256776409986,49.096727676828124,93.02293691420917,100.4671591344174,131.57236564264005,134.3789169484262
133.96780222601242,128.24196023747163,92.64954497986723,73.9790176728756,20.15098899207597,48.55071714702708,94.3417644729157,100.19316022261542,129.4315352702593,138.33000843791814
137.27803444416824,127.63219469637764,69.45167768707452,73.35489487487465,20.750082212265333,48.13656592262115,95.32962757386318,99.5448724139062,128.35152788770012,142.03229646075224
138.94899359899134,127.26442032392475,63.30287095988817,73.25522180726173,21.165411972745794,47.8375588794702,95.98087629773475,98.57131899180807,127.9704355518025,144.4515687862316
138.86476808090185,127.03895831496266,67.26223594317106,73.52723056736762,21.403180355639016,47.65287957169572,96.28996375126782,97.32350979192428,127.78828528791789,145.49062106283438
137.5185347201451,126.85399610824794,81.10401795114818,74.04602607895352,21.477014799369595,47.59047441727937,96.2503712587157,95.85331514475055,128.04548626018484,145.63040882882225
135.4884743542375,126.59902708492629,106.00340192011495,74.7200475586639,21.405903164254568,47.661841295083164,95.85424073959572,94.2123628791773,129.195680899907,145.04062451541603
133.54937875077252,126.15148005953613,131.906019607487,75.49271343785303,21.213098874540794,47.87816188774407,95.09280178649531,92.45097522652318,131.15079350177683,142.32078909387363
132.62818379549108,125.37671734951178,147.19847530491717,76.34194327310622,20.92602575092398,48.24746907591249,93.95762947826432,90.61720161623221,133.22415873533419,133.58855542099366
133.4747884366631,124.45432182208665,153.4336291959822,77.29391047922013,20.58101527090269,48.77269598809816,92.45717796839105,88.75601736761638,134.77490042328014,119.30100421705424
135.7847296965405,124.89064036646758,155.07262128145203,78.45756027779078,20.23427255890385,49.45051955445548,90.66217146479741,86.90874979295437,135.84466487876662,111.26114519337828
138.80168288842387,128.69851945504374,154.12027674507206,79.96427157815975,19.948671159671232,50.27091684022028,88.66181907324372,85.11277009740581,136.75165217060984,115.95146933676524
141.63829756411747,136.8779828817194,151.2817439882151,81.94500214009324,19.78860402107169,51.21732567050472,86.54688940314686,83.40146109671943,137.6995537147893,135.461383031326
143.6358694654994,145.06897032255003,146.8562080266925,84.52072729232573,19.816414743502406,52.26726825489869,84.40632225882068,81.80444524014,138.61055362370132,141.7250162389511
144.60079628510832,149.5373917978272,141.15461039519877,87.78989922283387,20.085988537979826,53.39327621704518,82.32390017439971,80.34803986290434,139.18130921655919,129.7123722330972
144.724474688846,151.38280012719616,134.71845568528929,91.81490932036283,20.63435380071637,54.563955347578066,80.37590677093507,79.05589892064913,139.25003520921783,125.97485857023611
144.05676337393564,151.83346676696786,128.33370548622293,96.61144265904375,21.47353347212186,55.74504666246808,78.63035899696493,77.9498020147144,138.79202454317513,130.3957479771661
142.56663661064493,151.34479506517926,122.82815974209802,102.14532750445525,22.585274210271365,56.90037008737147,77.1479776618537,77.05056010861274,137.9315137727141,138.63625884718135
140.30172025806232,150.06089546114265,118.82372121782555,108.33989794344498,23.92007449952818,57.99257127518552,75.98474479798361,76.3790202274501,136.96844862296618,144.6008604545691
137.42433167862572,148.1025681936494,116.55178462070062,115.08020318860913,25.405417957845643,58.993473982354594,75.18007988410193,75.94712124273715,136.2883303077957,145.76021210098523
134.03470171902157,145.45530254615252,115.68944233588365,122.19383947659401,26.973290766478375,59.91364470334639,74.71474759062887,75.72904868444422,136.03137627932108,144.37739622824046
130.24529367566703,142.10027627932283,115.86347901050394,129.49975301166003,28.559439136562663,60.772334360028324,74.56034405521919,75.69160066839693,136.18903437617902,142.27599059736417
126.21925784087752,138.0909276553961,116.77966159502562,136.82681215370712,30.101549564507653,61.58721260966997,74.69377941709423,75.80315709183421,136.6385486389675,140.36181452016254
122.15584304805097,133.56329404155773,118.20610643747308,144.01727602165747,31.54072163966146,62.37398564599047,75.09571022506113,76.03268601881254,137.09214255888972,139.13310344745034
118.26252707970912,128.72286786611318,119.95463703416263,150.92451603117732,32.82290661699133,63.146039862006134,75.74903047948831,76.34898519924693,137.00917132989252,138.86714917750655
114.7674953040038,123.80711686351452,121.86591069040021,157.39874872666053,33.90036623661727,63.91416672604265,76.63742722481896,76.72015624034961,135.65595301432603,139.59839617411993
111.99235478773717,119.03651228973398,123.79867371778306,163.24452796062312,34.733113158113824,64.68643388204612,77.74400586355725,77.11331360572233,132.84647141005095,141.08518844331155
110.15002139962675,114.57450675555528,125.62234984346509,168.09903873446305,35.2902755349434,65.46825488319288,79.05000990621546,77.49453148593267,128.96968271682496,142.89411426565573
109.32763095066586,110.51042897011595,127.21220105729482,171.14695841716866,35.55134596363378,66.26267912373982,80.53368880461952,77.82902920302145,124.78902441113884,144.56023607183675
109.5486610922396,106.86499194983728,128.44649145826457,171.31020149961867,35.50728969930863,67.07088444128931,82.16939603423076,78.08159192749908,121.23370131149719,145.6743703485191
110.77725209533263,103.64634904461703,129.24165637146166,169.136614272454,35.17302314320832,67.89282053826484,83.9270167515166,78.22284026586638,119.06812704479285,145.92927450527284
112.80514007796087,100.96051215116442,129.6606213062536,166.15153870968376,34.61859089996127,68.72793267866633,85.77181882274532,78.24688990397905,118.29787537353486,145.33248657999823
115.43210799706327,98.8904076627357,129.79885910244846,163.14969231301131,33.9241055140146,69.57589643553369,87.6647846960934,78.15487233719885,118.7139994019988,143.98918026493718
118.48964805003256,97.50160906319786,129.74280945943184,160.43046696172897,33.16158388928316,70.43731246345483,89.56341476629534,77.94925763994976,120.09289230779117,142.04826799453664
121.81473939452617,96.89175381697193,129.56703730621027,158.1177184217668,32.39173388279711,71.31433703380114,91.42290799588311,77.63375991098687,122.19449411283381,139.7233385892095
125.23248530259345,97.14824192107321,129.33358376029753,156.27213244457096,31.663197387887024,72.21124955839217,93.19754591242264,77.21324278329904,124.75481391096694,137.5093064523793
128.54809439439518,98.07433194030125,129.0931201391856,154.92817517129896,31.01372331469861,73.1349736874497,94.84205813080558,76.69362112453533,127.48696892220201,136.77093221347522
131.55126773121995,99.38387231051624,128.887481206763,154.10587962722173,30.472751520760273,74.09556589832196,96.31274955388845,76.08175443601893,130.10066752034712,138.9716158018813
134.03371639336174,100.70562218975995,128.753256315488,153.81110256378332,30.06503224286111,75.10665530147038,97.56822318780954,75.38532764323685,132.34176528990602,143.90963349589902
135.81110730043082,101.53881856206989,128.7263350242847,154.025865323156,29.815170706824496,76.18574581927405,98.56962342414033,74.61271593368504,134.0355927391634,147.86243869302845
136.771763231905,101.4062019239621,128.817732707248,154.67600052975996,29.738458524937737,77.33786684396811,99.28239204142638,73.77918155374181,135.12634396939825,149.19811205162674
136.97718212465728,100.33980332691885,128.92618458228353,155.59950859599292,29.800644909088263,78.5037520884499,99.68159072505549,72.92413827869025,135.6989265006375,148.90255363767255
136.50697639032475,98.56498882988811,128.91967483502137,156.60389268932704,29.958468010850975,79.60337091803792,99.7452909272702,72.08891785429927,135.81915239655257,147.30932432933696
135.41583952613829,96.34262910456297,128.65796588184853,157.479079424297,30.167727859596212,80.55091141739138,99.4521117607142,71.30975488410697,135.4924309201896,144.36523807026182
133.7458525238908,93.93373049384203,127.98867120924646,158.00194789100993,30.37839343907236,81.25566214271664,98.781220071059,70.61800770300937,134.6746247068497,140.37144977561553
131.53903370596188,91.57518299506575,126.74734438530464,157.94718617657045,30.531984373586216,81.62401653033531,97.71311798825184,70.04082352722385,133.29018419439248,136.21206290310695
128.84476966581923,89.46863827028442,124.76320190204733,157.0973133759304,30.561851343475663,81.5616930253334,96.23154605515452,69.60216120221548,131.25021261455956,133.12536421998107
125.7232805876337,87.78184686760889,121.87242149958212,155.2392948213123,30.39718104614062,80.97530000355621,94.32680954779573,69.32409831209357,128.46898064255615,132.37133228062777
122.24905926706629,86.65976193844432,117.94033987799983,152.14524795894877,29.97142829184739,79.77288455284821,92.00066262485505,69.2283817405456,124.88294027481889,134.98077997321397
118.51740412644355,86.24265965485861,112.89141302939287,147.55981123012413,29.23542851908582,77.8640588527676,89.2724372594115,69.33822676741833,120.47963967245326,141.3197413906263
114.81408424391533,86.87472778731649,107.02372014310642,141.18514161077292,28.194250044124416,75.20065424701765,86.25478161173181,69.68351152874693,115.98810253449795,149.02026985586716
112.10485153917381,89.79258374432573,101.73589609639366,132.90886990395776,26.965764248410668,71.90311049944768,83.33573806899807,70.31292425675726,114.7807506636035,152.5698674400037
111.6246657958413,97.28709084651561,98.47157766985625,123.2868441810143,25.68781300918643,68.1545469045446,80.90241921845204,71.28951208402839,120.66310423436758,150.40518125845952
114.36762527055728,112.12938480607676,98.8027444504189,113.16474679658147,24.47647589556464,64.157118906449,79.253872508892,72.69439082669462,132.7754859726613,141.17938002254095
118.8753149367829,127.31453493008966,105.51267715040288,103.3105268813113,23.413690144076824,60.11477542111697,78.63174725429451,74.63582454700845,137.8595397930127,134.9494127698973
122.36684972293807,131.5418674568361,122.73784344840604,94.35485712440334,22.542397162436224,56.210099132294346,79.18890476734775,77.21319611896763,133.40404094904773,136.85698105161276
123.56279951707921,128.0879886378026,146.48655095426994,86.86095162506037,21.868556898536156,52.58436932902837,80.76262146405207,80.35403644678021,122.4342265640125,141.8472698994262
122.24100152549012,123.85753215586827,164.70478031173963,81.38584725340326,21.368222080756393,49.32785204093104,83.14884975367686,83.89218615704547,114.4693756886087,146.3113996454663
119.32125811350163,123.33269453476196,173.91837865054333,78.21127293672176,20.997018522255104,46.4816453430058,86.14403024168277,87.58373453077762,118.70764442441651,147.06050665150383
117.63924405348767,125.0134166262196,175.83252105441903,77.03481664574021,20.699410082814037,44.04759549384095,89.50426857896092,91.10126582227832,130.75609872052954,145.1116498749174
118.65058151643186,126.86677196851556,170.03491995448414,77.11486294701339,20.41857976541493,41.997254866459734,92.96939880286477,94.114660497679,137.0795098464176,142.4981236084491
121.65426317514832,128.4468633072613,152.28756725592697,77.85542986966925,20.11451369395351,40.2780827856519,96.40175910225622,96.52257443857317,137.46292484217838,140.20068144653544
125.9233645648542,129.7042897596325,116.2788028909422,78.90104685992534,19.765693812192264,38.84235939110262,99.69606254316274,98.3130697515393,133.92605963278234,138.45000747273716
130.94867629844006,130.62176510448066,83.456085894477,80.05284396206171,19.363517353517405,37.653089599878406,102.75244577267829,99.49994944479059,127.90298907261183,137.30524253673784
136.25283736637888,131.20405311993204,68.53434344329405,81.21237447937307,18.90957219494693,36.68368646992157,105.48566456378131,100.11426565411749,121.90119888295116,136.73344487129705
141.26073876019095,131.4701269522852,63.1610809194284,82.34387282612778,18.413987606137056,35.91794637956471,107.8303826114268,100.1979917547279,118.93083396753684,136.65453669039016
145.27408083051836,131.4478489581633,62.61187330424331,83.45255005765158,17.893724285952814,35.350632039040015,109.74130909947043,99.80008247172417,120.26091462374612,136.96513563343586
147.72765376610292,131.17067818757664,64.85026788365948,84.57299014104333,17.36992529113325,34.98896986682557,111.18859349433491,98.97438542839537,124.05646396456326,137.55154264404084
148.72688831947235,130.6756546361822,69.37760255942082,85.76291049954509,16.863875650894837,34.85544922876658,112.14993073022305,97.77862642888053,128.1526338540967,138.29784887006096
148.94566098146393,130.00195345867917,76.25849107679977,87.09899631545716,16.39195149784655,34.99246213855112,112.60104054362789,96.27374763731721,131.02689270722672,139.09199072629775
148.58953266910396,129.18949073418315,85.05964356276145,88.6724389365335,15.961137667493098,35.46951241418011,112.50590856420051,94.52307759695938,131.94757877121486,139.83048453743024
146.51544596215322,128.2795136653102,93.78724951248874,90.57721661219934,15.56826597408567,36.37300246617984,111.83472126090868,92.59106829068129,130.57850510649263,140.43880802167118
141.97418701755782,127.319822844573,100.83068245127325,92.8854887892037,15.208367594809053,37.743807049722214,110.6430220625882,90.54159119971499,127.55790427454971,140.9201081015567
136.12514608430004,126.35706135538379,105.50866036158833,95.65583998418766,14.881065061399214,39.61858387618938,109.0051089473143,88.43599141569827,124.11136073091483,141.29440367258542
130.51398040737706,125.43285654670655,107.91208931504276,98.93310579968588,14.589708830118616,42.034586167044694,107.00077545906643,86.33121357556297,121.57870625342038,141.57981521220128
126.15409602832803,124.58241243469408,108.55924716885218,102.73941901189991,14.339890050422227,45.01036866433596,104.72397168102914,84.27831709280753,121.07704054368074,141.79257696816074
123.65359761459511,123.83369548994101,108.07006144053392,107.06170562184923,14.138530444084042,48.52081941577726,102.2854831718657,82.32160800643241,123.11253476381239,141.94709637284438
122.97885919450827,123.20731711250357,107.02646331801708,111.83976313874182,13.993873330446833,52.47078505618271,99.809818553425,80.4984771001068,126.34995752836335,142.05603811444118
124.04846207699275,122.71708185076132,105.94032321354413,116.96384866786381,13.916334521101131,56.67754220691011,97.42866381993936,78.83990238637847,129.22200084469685,142.13042376770272
126.6276095381554,122.37107835831173,105.25826049519763,122.29211400622746,13.919893615640628,60.87506255590533,95.27459456337941,77.37148700845975,130.48342636607043,142.17974678979155
130.0110847807982,122.17315479452056,105.3810590051549,127.68994186032779,14.02356207882053,64.7456563630935,93.47836920642528,76.11487402490606,129.2073597309615,142.21210789197025
133.02727206570745,122.10587669448209,106.58372813875968,133.06815931512833,14.248798919948833,68.00955510692187,92.14369690933431,75.08130256369655,125.23588421472857,142.23429251408163
134.60974928303878,122.07647034056767,108.71895135016653,138.36572135729267,14.603625928144004,70.59015081773448,91.26761789358066,74.25041367720831,121.27748359766804,142.25075193175687
133.96412981881397,121.97525255545716,111.54998424901162,143.54169798990864,15.084300225106846,72.49754423851508,90.82072175391832,73.59746648494361,120.01313577573771,142.2631477725876
130.92747881375016,121.69568202026238,114.84409768453735,148.57062300412244,15.679336351363496,73.77438457264013,90.77121069726529,73.10112015336634,123.99962367258799,142.2726616464617
127.2328828684175,121.13582148120982,118.3676682076873,153.434344632477,16.373036305264037,74.4829129325762,91.08210147199847,72.7427443910772,130.82413651108263,142.283747255405
124.55712136111465,120.20049290097853,121.89159878149567,158.11590731212348,17.149032747133923,74.6950081590825,91.70937888380976,72.50582121139122,134.86961091250754,142.30909117283917
123.06511608449642,118.804881850081,125.20002761888297,162.5954228142526,17.992783852823035,74.48533882321703,92.60119020602532,72.3754322245145,135.73182158368974,142.37558844184525
122.5688994334774,116.88061177183629,128.09507497432412,166.84654320838442,18.89283488284798,73.92695477198667,93.69807816221626,72.33782176696057,134.23990441783894,142.53064733443134
122.89876773943072,114.38509214593523,130.39331307018023,170.82932700853397,19.841139253376767,73.0885585584054,94.93420582938353,72.3800259673727,131.13367903440232,142.84698493130398
123.92189024736425,111.31374662694617,131.91415740734067,174.45905532349303,20.83286154567869,72.03287575165055,96.2394621601104,72.48955934344512,127.49678804499065,143.42213502379326
125.53011908958489,107.81327981612964,132.52991614699224,177.3592925085071,21.86589488556212,70.81575873436397,97.54660755404808,72.6541526523229,124.56690090307262,144.31320112026165
127.58201800082223,104.42290402136543,132.3544774985528,177.3933492714671,22.93828411237217,69.48581911446031,98.8080593340008,72.86153791844391,122.66074421176606,145.31187812089658
129.94231712171845,101.6358215411901,131.56087198499839,175.11127780511717,24.044722834329143,68.08447539876441,99.98499219110718,73.09927854581409,121.75085193243234,146.05424151616
132.47743878576608,99.79330382739937,130.33071491089623,172.78625401345116,25.1753741331424,66.646342837284,101.04223082304762,73.3546440319993,121.73935965310761,146.12049295149427
135.03864042506171,99.16251844628019,128.85743848026982,170.77210997948205,26.31535338017734,65.19990562297092,101.94736542512734,73.6145299631768,122.47347576914086,145.0263860561644
137.45600715298633,99.90250352657166,127.33951773797651,169.15692689306155,27.444479566587834,63.76841758576713,102.66994376025558,73.86542466369876,123.75189911839227,142.3505121406604
139.5478533793479,101.68775983518344,125.96957604383675,167.99151988381647,28.537280111794985,62.37098805395797,103.18060656934357,74.09342412947868,125.33514845479908,138.4960272773657
141.14353739489064,104.08407612686091,124.92622547677135,167.31986665203988,29.563304911526647,61.023829889857076,103.45005920247749,74.28429676704266,126.96866043795855,134.43902468141593
142.1020880069823,106.58516179167059,124.37347942055547,167.18593391464674,30.487838095637645,59.74167817280359,103.44781036406444,74.4235990965469,128.41768124976502,131.384856589081
142.29832624053495,108.56199638377517,124.46916595406715,167.633924407271,31.27309878170255,58.53943086980724,103.14070274660992,74.49684306842562,129.49971770106566,130.31829309975606
141.62548264213933,109.44391905709627,125.31398534837795,168.6735538680475,31.883833580907083,57.43673011168023,102.50543235970129,74.49659075565172,130.12992731708783,131.66682278160965
140.14007579662388,109.267572477917,126.76341881963147,170.16289560608195,32.30166186760105,56.46863227800206,101.57088859571883,74.443274675533,130.3939729755382,134.91962321105456
137.95143092215784,108.2796705898489,128.6190637480064,171.79603841271555,32.51566704107917,55.68055635085636,100.37934608476664,74.36442280270649,130.39378590142545,139.3519549840727
135.22156800179178,106.75783796046443,130.68243550717492,172.94028777248522,32.51855743307778,55.12721088349452,98.97462776298154,74.28752078149246,130.20100494584355,144.06487667396897
132.17046993092643,104.98046678400218,132.74818474899584,172.61089475384344,32.3067904985602,54.87395464586467,97.40333697549359,74.23994764240256,129.85811623193817,148.14963880979212
129.04658916693398,103.2052620030394,134.6043736420339,170.43024179099368,31.88107812504241,54.997848188485925,95.71519234208057,74.2491324620349,129.3823135502897,151.1078677619405
126.09532616518085,101.65790239076863,136.03779445528073,166.95091817694504,31.247142143716054,55.58786499832728,93.96250639888687,74.3429324245042,128.77135904232782,152.9674625890826
123.54467972718152,100.53188740114052,136.83974897327047,162.69302234612147,30.41652969524889,56.743437502079566,92.1990514743428,74.55023638500496,128.0127544041898,153.9742172454062
121.61059721803885,99.99864146695684,136.80704886178356,157.93011474335643,29.407274215202005,58.570154974601664,90.4786690125436,74.90180430327226,127.09809760709487,154.23750403549457
120.51775046341724,100.22585741618785,135.7350871015493,152.833273691746,28.24420502931571,61.1710689074673,88.85398857492713,75.43136073552337,126.04595046218158,153.45640312938647
120.53240000840329,101.40298486021467,133.40403240329312,147.58130216609675,26.95876761505238,64.63191637752489,87.37554921167099,76.1769670152204,124.93993717341075,150.45709101110594
121.81675607653077,103.69462194499928,129.73083852740248,142.42726414579113,25.597626659432674,68.83911164746394,86.0856712830169,77.17034644610618,123.96773387762215,142.91268122450256
123.7890037364101,107.00659874420855,125.27823014516981,137.58952937650758,24.239266256870565,72.98836886039642,85.00155378850731,78.39845656945275,123.26928046398723,131.02742054322832
125.48036472277914,111.1673714868456,120.79018852677487,133.01489573155658,22.94719903593204,76.12652886169747,84.13378167633641,79.83474608743984,122.69519965355653,119.99586284735275
125.83589865217114,115.95703822071833,117.02490001891222,128.3089454344762,21.7602633949158,77.35592488521084,83.49271513788553,81.4486313957951,122.11382092449226,114.60228326685227
124.13753724684113,121.07221884868113,114.74399173042957,122.89287780839501,20.698071460228647,75.73817009402083,83.08898187970024,83.20359571067829,122.76474863046417,116.19734815333413
120.34715919529705,126.1173988959815,114.73457542082666,116.55423468703164,19.767486729877866,70.4846382056779,82.93395519153825,85.05581175002435,126.45771006764221,125.10254853464144
116.01547685376035,130.63639430620978,117.86183339464999,110.45822874103314,18.96880088507248,62.243349828768594,83.04019364323814,86.95345977591644,132.46274084873798,138.47182711182597
112.67312465060677,134.17833730417436,125.02330400874932,106.57361681181565,18.30141333039248,52.57709526332948,83.42181531339673,88.83686758110593,137.90900676567085,147.8232555024856
111.27179362044743,136.36154533331663,136.64939031627333,105.91866578420493,17.76986320020293,43.43089316155275,84.09476920501992,90.63948424325007,140.40278600082826,147.68848992562138
112.5569095000674,136.88750914704863,151.5799983615389,107.40815224393484,17.39238110677315,36.27986088282859,85.07694651956261,92.28954233160931,138.1560033967789,146.33285413733202
117.20746900833403,135.70529431952232,165.81999178872402,109.13021895487304,17.201153543871087,31.549168617314287,86.3737952480961,93.72364853458247,128.91416661596077,148.41926951099276
124.21216618180046,133.5638997029264,174.30106356196663,110.2393066695711,17.20698209146795,28.636271351602943,87.9340395766328,94.92476868412636,117.23386641224164,149.89623290074394
131.20069020652167,131.34515821282196,175.19465677984343,110.587296466413,17.425003273767324,26.9465892190178,89.68950002735848,95.89069588651047,112.3680406366046,144.25210479927804
135.65939844677231,129.79989519112883,162.8068493142423,110.23964176735568,17.86047066011085,26.08267263146349,91.56830610427778,96.62229435717497,115.38892580865974,133.86057053525647
137.25642210204336,129.56274840700425,133.8055176726644,109.34139715320701,18.46675462587655,25.788167448803783,93.49542604415346,97.12288472167003,120.91479928902716,127.45238719128292
136.52880196131883,131.07958460089986,111.81581922351998,108.08328510413801,19.101814120732065,25.89896528480269,95.31367324056548,97.39773550114435,125.6495225409287,129.62821326465073
134.21205923740052,134.0585480326939,103.57152513793571,106.69724741260383,19.515322073725624,26.306787582420647,96.54060388563909,97.45367258080739,129.60052447343284,137.11079386071418
130.89378815889862,137.9934000583828,100.99961047437263,105.45139758240546,19.397084595263994,26.932774781924284,96.61005387514571,97.29880068682974,132.83855191530395,144.2014805765457
126.9137584490235,142.20460432707873,98.07343030437016,104.63286795836785,18.490824445726613,27.70779677859221,94.95570622153114,96.94231999105271,134.93328917276787,146.98707766097232
122.49214038260223,145.8645554641075,90.05376020529131,104.51992812646905,16.734896810669287,28.557094944949803,91.03471549034022,96.39441535255636,135.39680978237746,146.31646534034346
118.20097151682204,148.33908439264002,77.06533248849165,105.2947872842249,14.443523658535954,29.412413368421024,84.86497485533158,95.6614260840262,133.78145619892618,141.42694275810734
114.97611792745717,149.52657369559236,67.33782406067827,106.86561976705795,12.320913738745165,30.288210678727964,78.27294452929164,94.73169746287405,129.39310376335482,135.09070791595545
112.98815363510579,149.43813233767315,65.62159545926076,109.0728686983787,10.745831239511073,31.227674341273467,73.15405989644081,93.59047451455444,121.10566923982857,134.78236260843536
111.69409499235633,147.77794550895553,79.25505590470108,111.75968578245802,9.762308165318426,32.282080987180024,70.84281222942118,92.22537627359705,109.99467635692586,143.52411310239432
112.2581960384733,143.7870030815425,112.30553613721968,114.7768650602758,9.299366389461715,33.51122800131453,72.61926723872459,90.62724953872961,104.16526060898919,147.13087728467485
116.75670342188648,136.89116827471815,137.19961047871973,117.98688306705118,9.290282725384536,34.983279655698226,79.89460878545447,88.79118101896375,109.26812320597196,147.41241570211915
125.02927521565684,128.32028892944908,146.94210385573643,121.2675086722218,9.638827031514342,36.77367080663864,91.52058508308352,86.71761894152436,123.13873798204973,149.9947888090038
134.24769901585697,120.00036848831085,149.2338216946116,124.51467193874485,10.310839922061449,38.96264762500228,103.7795983373642,84.41350230268625,134.53264338913942,147.2946852780861
140.76630259074358,113.28640898452099,147.74914304857452,127.6447332697633,11.278271325300041,41.63096318886984,112.39712588724389,81.89323624407126,136.36812890260282,137.1239174769641
143.51985438946286,108.94895507420338,144.5273988033547,130.597391762524,12.40687647607172,44.853178093572815,116.05220253414328,79.17930231153174,133.26673432590025,127.02261556125299
142.5911205331391,107.49648753069461,141.35806492589617,133.36180406086623,13.400228481801573,48.66333441117443,114.82571723915592,76.33150792538767,129.74566792466547,123.89622053244771
138.63122010437803,108.69413992499942,138.66004642178703,136.01866672791243,14.089788646666275,52.95959850475455,109.77232690823382,73.51911865391828,127.03949188635414,127.30499389526221
132.41048226530611,112.15118855779198,136.4140589802124,138.6354087743696,14.438603535655604,57.55798723895256,102.08551805752826,70.90450261010815,125.20576761377812,134.7032536361
125.2680785710378,117.05815364156146,134.59133176548033,141.24222645548363,14.492998152534614,62.229214999822474,93.51176244535793,68.61056378418695,124.10133861889715,142.53987153583492
118.75999817314671,121.90950053713584,133.1690698119745,143.8381390666467,14.348586891643711,66.7283532248091,86.07477041306943,66.72829002059771,123.45518751293048,146.90298876989326
113.89097703561956,124.7996812915041,132.11968228148717,146.39903496791723,14.112429092338663,70.82885661045775,81.29911117280864,65.32921668393536,122.97493448561723,147.4352941757747
111.11964428622302,124.3617521468111,131.39479651025607,148.88609355093928,13.877266333611598,74.34744501080567,79.88705778786783,64.45817990450435,122.5548245660822,147.39309788824195
110.44803030121295,121.22737978335678,130.91858052674905,151.2533617144428,13.71211553503538,77.15212989815959,81.19669154486742,64.08451261418998,122.52091186804417,147.4408242431175
111.83580449978234,116.65469920319813,130.59303333725686,153.4534531841121,13.665505768760465,79.15489450377967,84.46356932968492,64.179394056249,123.1893524598062,145.8942466512129
114.8991207041395,112.00234953920234,130.3107029764749,155.43997861288395,13.775113213599527,80.2960474702309,88.80895863171891,64.73628886138412,124.67364531075312,142.25379814274714
118.79772651445565,108.50367584384449,129.9698273550734,157.16505962229544,14.079425356896953,80.52736125021549,93.0564588887746,65.76917213443498,126.91878771282833,138.26116391571293
122.60848164435468,106.87809650514949,129.51231735442954,158.59001576392242,14.614204820054288,79.84295348047131,96.07845203571621,67.29129105293529,129.68378163867126,135.99076426190015
125.93740489158593,106.81379329434507,128.99632520077154,159.75007391957072,15.37093738503935,78.40084647195388,97.72671024514925,69.24256092033937,132.31136824683577,135.6247074524583
128.6296611738254,107.83421467815216,128.5171727284823,160.7277305260249,16.33735736555736,76.38701131072614,98.17446492754758,71.52615297638003,134.19390717074344,136.57685523415356
130.48537869393746,109.50296746487136,128.17314562564852,161.6427951004629,17.504459542443108,73.97905173962678,97.62843961273425,74.01307609797324,134.90615017996598,138.15312206858283
131.1544924450587,111.38751903762585,128.0536289632187,162.64620867665522,18.85868121592071,71.35013856335308,96.30597089227008,76.53308131390254,134.1211903643639,139.6855529598166
130.28903468243433,113.11252761485494,128.2259899327859,163.8729590089374,20.373863559641514,68.68837644292918,94.42921078481558,78.89259075099586,131.45333158322,140.70290603597874
128.15503281424986,114.56631408810992,128.7225429177204,165.33335920067682,22.002947332310764,66.25071497532866,92.2207152858453,80.94534450993041,127.02496852779232,141.22562661815675
125.25862367953174,115.69608614901524,129.53062261801153,166.9986399105989,23.670800991408072,64.2874243004576,89.8945984496696,82.55853403573155,121.51128638322348,141.36764305785204
122.17820533796302,116.44736226328251,130.58989173927517,168.84545440094325,25.27095065812652,63.01825881290319,87.64538036156051,83.60429015388551,116.14397796523001,141.22719150504057
119.51737853562344,116.7745507909188,131.80095054655143,170.8448040395241,26.66958436719788,62.63919026524966,85.64111044185496,83.96712429320877,112.29216155011196,140.8980792956131
117.75027480153015,116.67150261598157,133.0442463442673,172.84580056561666,27.74498567225063,63.26104479638396,83.99783597366104,83.59204811462048,110.89625976309522,140.4686077021404
116.87087536451335,116.23408034902073,134.20877629782632,174.25690655015777,28.490179205267847,64.70608678696107,82.71128741546029,82.61054367360391,111.73516372838688,139.99462731422824
116.75834621067662,115.59317275853604,135.22201648576464,174.1460164195558,28.949854398273562,66.74182525008884,81.76062156475164,81.20660068238661,114.35283282653485,139.52681871880196
117.2946380151658,114.8802405858609,136.0393209327122,172.62792404971086,29.185946866691715,69.14756607274416,81.13505762279502,79.56310979593398,118.27921152966651,139.11776075631892
118.36009084162887,114.214543194039,136.62965764791215,170.7901189111977,29.26752310144991,71.71090965304039,80.82930988279169,77.85213077774173,122.94703748583507,138.81873859958
119.82892015978935,113.69424106637368,136.96584491512425,169.40723818917212,29.263285578839916,74.23038300196971,80.84008420514076,76.228354256296,127.67681236471788,138.67643391602783
121.56660715992739,113.3925336617676,137.01871194592565,168.89022823103878,29.237225898033014,76.52055941097707,81.16376726479598,74.82680465955953,131.7905491297092,138.73008200908052
123.43047288612411,113.35956990949798,136.75404235046318,169.4916809155239,29.247213262976405,78.4154161659148,81.79510607042096,73.76539112648678,134.82033624027676,139.00970726241775
125.27392130900962,113.63008629938558,136.13133735494554,171.44919940093524,29.345934186229737,79.76694976388423,82.72660163839623,73.15217744059045,136.65082086781615,139.53577354076813
126.95376594595317,114.23629304383248,135.10414291817258,175.00698234863336,29.583571409766837,80.43819719055524,83.94841034517893,73.09690458758604,137.4398229204269,140.3200490157886
128.36676458448315,115.189283794688,133.65280940859134,177.04122097816511,29.9973444169683,80.3398080847032,85.44331223671466,73.68222298259091,137.38693482328495,141.33934648839892
129.53549118665364,116.38316058658215,131.87978121131863,170.51926700171882,30.571404915701073,79.56064858099779,87.17151184157962,74.84017593750542,136.6128789610173,142.46355045694636
130.51568769489927,117.6954026125155,129.92266745573298,163.19447644882152,31.27887543819113,78.21991407030485,89.08661969066237,76.471447914577,135.03080022807364,143.55915754609333
131.36146352899038,119.01045413201616,127.92332849663958,157.52515516911893,32.09364937086206,76.42672691733813,91.13972010988466,78.47331358185649,132.5210211021357,144.52379933815052
132.12082991685068,120.21027627304713,126.02320630874726,154.9834794187096,32.98820720373276,74.28732797519055,93.27869473092083,80.727438620464,129.12875271651222,145.28231014790333
132.83288948467654,121.16825864637725,124.3564247774038,156.2259455200496,33.93184173796876,71.90983635692933,95.44835816775054,83.09244785262338,125.14563346704423,145.7708672072254
133.5265211943323,121.74668075947494,123.04345244010047,160.34263471356226,34.88929957614798,69.40640636775173,97.59140372355897,85.402441944184,121.0471432538862,145.91127637882903
134.2204239788997,121.79733072920835,122.18817213322708,166.0742479616773,35.81992741477829,66.89311640007834,99.65012694695555,87.47159003595274,117.36020549715168,145.5829360168136
134.92431731618743,121.16427721383249,121.88024733274625,171.57368289778591,36.67745640457708,64.48847332390763,101.56880466839503,89.10300159234929,114.56699413820613,144.60279994416774
135.6410051883225,119.6879367855898,122.203375938839,173.26133978197865,37.410553319699495,62.311869969124864,103.29643109431065,90.0987125943849,113.09008763550897,142.7222614532767
136.35990450137865,117.30340781409802,123.20178764987804,170.9563659809567,37.97242127417302,60.462090422151256,104.78945216176996,90.31773882852066,113.21776782108421,139.8028892212973
137.03462333174286,114.30008145937174,124.75038941632829,168.54860938439097,38.3483781398431,58.95478837223539,106.01327986256267,89.83017824345825,114.77939573499053,136.42150530766583
137.61501159932263,111.00384473299226,126.68966023588287,167.04036896023678,38.534029246625025,57.788260633271776,106.93998011352224,88.76743793329037,117.46814665968427,133.51351359112647
138.05628168238093,107.69005566229146,128.8601482752189,166.32878265849862,38.52751734297417,56.966093786603125,107.54517435726108,87.26773932853659,120.91421722410841,132.08341403131476
138.31788104251197,104.60606046041501,131.09335995705456,165.99003570758003,38.329700840358214,56.498144720005804,107.80410927963032,85.47161676521071,124.6747247346894,133.05914536929296
138.36199569565488,101.99896186870133,133.20720199921203,165.42942511770852,37.9443688190403,56.4012598666317,107.68720007270942,83.51689370367903,128.28163356954983,137.1066777336386
138.15196393929585,100.0918458407862,135.00538729520855,164.0607149673853,37.3784713770781,56.69970716671085,107.15584240253042,81.53327134642461,131.32768647686746,143.76530725566815
137.651003593247,98.93341422274855,136.2787385578861,161.57975502741468,36.6423200754794,57.42520034046366,106.15943854489262,79.63779101621093,133.53258263219433,150.28924271060387
136.8218740044433,98.5398631614995,136.8054883408219,158.05273926142686,35.74969296505598,58.616268998898505,104.63474111499654,77.93258159380191,134.7404040449745,154.5682801609287
135.62843231902508,98.91177228101259,136.34836688443235,153.7348610263616,34.71776937184204,60.31656532069591,102.50880841491484,76.50571513226993,134.84348855303404,156.1932338757295
134.04043887003573,100.0011418141546,134.64905877014434,148.88432689486228,33.56682824046445,62.57151269540599,99.70700828851618,75.43521460192822,133.66000498693126,155.83396537454848
132.03819640692672,101.7002447883598,131.55550535664236,143.8074392997097,32.31614687972628,65.37491377934313,96.21121576517403,74.77421337480789,131.00739564123867,153.80675012129583
129.5825262327771,103.90266022023962,127.44472985637555,139.21763368030307,30.97124726305186,68.50827400562284,92.21253213412274,74.49568411796078,127.38700277788122,149.09571608979138
126.57901162166455,106.50473053085197,122.88466975440063,135.94037309452494,29.532227770282326,71.66689299995116,87.98288576304722,74.56219605771057,123.67410873682142,140.6238671199997
122.87748683284958,109.3952083958299,118.49172563584945,134.81044943796633,27.999577400202163,74.51867537581018,83.8023599044472,74.94549115539928,120.82469863566283,131.04089078854958
118.3142955082921,112.45528456256102,114.90602692920652,136.5480578918082,26.37833156274293,76.71772061894367,79.9253141226078,75.62393819367904,119.8093466450835,125.35734687593288
113.00145869423399,115.56147261754575,112.8577033746562,140.3937078373053,24.68921343097017,77.90351162589708,76.55999760228804,76.58020660944217,121.56743055915096,125.93924091093798
107.91354057274432,118.590775011126,113.40726545075566,142.00995496263053,22.986403086487933,77.67681589236578,73.86842320247273,77.79910103119622,125.71271987171758,131.0790804870206
104.06756995269436,121.42697980768725,117.93181333245673,138.97913356689688,21.324761781582616,75.55568131471388,71.98320158286026,79.26550296331352,130.73713528249922,138.28624944691694
102.26209432714157,123.96675411436566,127.89392387685402,133.2818899962188,19.749108063800453,70.94253653750485,71.0346575309436,80.96240376782988,134.79111483635916,144.56989847005744
103.26087256823415,126.12445056513478,143.2143357683053,127.45544146611968,18.294346695027418,63.208694554205394,71.18389340216937,82.86906993607631,136.5532884847168,147.86871797876563
107.71011254046665,127.8587823788844,159.36554279030474,124.57801767713684,16.999194022206712,52.440354733114546,72.5933874753126,84.96031661076968,135.5514312113442,148.8735372335322
114.8725978493239,129.23968050475114,170.50050789809737,127.24963227759581,15.92679608747266,40.866449690042664,75.22955213189235,87.2080819835623,132.83242366239415,149.18653402206425
123.14779155476417,130.3628425174309,175.77310994098883,133.2340016666484,15.111133120712173,30.973147554414506,78.99688594094185,89.57844451306937,129.72639324478453,149.33009081809743
130.28042200307857,131.31621490266284,175.86703577006497,138.07565486085483,14.562361217224002,23.880194746792082,83.74203455079089,92.03078683025674,127.03238438486775,149.12605769906256
134.2598549346982,132.17394860815685,174.86645134758456,139.91586903912196,14.286788938605943,19.43172446432326,89.20595908314152,94.518520087732,124.59358166733928,148.15509907940958
134.74197295336813,132.99305644953327,174.59861776234334,137.42694416650855,14.275364689327315,17.08672166818779,94.99823776784552,96.99050060048127,122.55918567876105,146.10296098163718
133.7632731789416,133.81266936594304,174.20764472078505,129.32622009365375,14.424245168539498,16.045552598972844,100.60916380385461,99.39295035955669,122.41057662208831,143.02506130591684
133.00998662972364,134.65568930885652,170.2633688982176,115.36909713284125,14.604847204672652,15.71574776211649,105.55134636601899,101.67156687836763,124.8814379461353,139.3969650598376
133.06193926766045,135.532342992805,160.61123437745533,100.47838663685307,14.668957771114641,15.686389462209243,109.46305623532143,103.77345228523185,128.6272967938289,135.94971673191043
133.83525896404146,136.4449135388492,149.5877785020759,92.1956527590995,14.452776218483148,15.634482205031837,112.13692671825541,105.64852941418154,131.56403386465536,133.4617794063236
135.11806671300556,137.37897118450942,146.7585906513325,94.0725774830537,13.873292117136327,15.379159693288345,113.53034760416156,107.25022962974951,132.40418670005704,132.49584584737866
136.58626670036853,138.26963851176112,152.60066768770352,104.20098591844257,13.089756307117907,15.106190978390867,113.85623767749603,108.53539083389178,131.50875550420963,132.9418610740484
138.06073620568907,139.0501503048215,160.93441943535677,117.78559541028338,12.278345424390727,15.045822022667654,113.30282981430283,109.46344778243602,129.63677738519738,134.4601113609765
139.33225830881705,139.66391198858605,167.0230613979939,128.57098070738428,11.549983766524354,15.412999893205598,112.01599624377214,109.99510232515998,127.59165576961287,136.66361814945756
139.98657283837153,140.06124820830425,169.99376086481954,134.0091323205391,10.968296049000754,16.48815516198476,110.14720836300047,110.09072893545174,126.055048102422,139.1505362551239
139.53111363238986,140.19598672598391,170.9158411012541,134.72765330062148,10.563750679578396,18.647809308145412,107.87073054202571,109.70882627159321,125.25195863082989,141.5461282438659
138.01615065986496,140.0219596180522,170.96613319857312,132.39625532257807,10.315526170863011,22.10680298817817,105.36816418728563,108.80490796690209,124.9079766072484,143.5496692307141
135.710777512665,139.4896761498282,170.6143196694715,127.97059940065277,10.208464834822754,27.0289633256766,102.83715202400896,107.33137588112925,124.82734422147423,144.96393377433668
133.0037699714088,138.54381849228034,169.97603559444303,122.42885462350588,10.239794317358369,33.44220277798196,100.48845198036518,105.23915864661423,124.93040029249329,145.68415733669852
130.39668268027665,137.12285031721495,169.03664363544132,117.56522098456199,10.409701595326975,40.99822680121695,98.53449717707778,102.48218893862548,125.15472567039643,145.63520319910913
128.34453479280725,135.17323557621344,167.73585703456368,115.28452880463334,10.714850723050708,48.902787186369146,97.13918440127492,99.05627466737421,125.41947538894784,144.75260282251992
126.91771471045759,132.68441007805185,165.94211383999297,115.63829526995109,11.158078276360609,56.51634891511886,96.29378859047658,95.10047891223805,125.68954303790753,143.19919326911472
126.07199270476701,129.6543579772888,163.49764723245173,117.74948411577654,11.742063003645491,63.36474558088222,95.94314955024234,90.80717274144487,125.94878196938954,141.2211481015961
125.75189296113314,126.07885556468676,160.26952500751872,120.69750939976286,12.464867812532395,69.15307256426277,96.02996413322212,86.3804982505617,126.18442954859911,139.1711076629385
125.89646880559206,121.95237239760569,156.20329329028027,123.82021780835741,13.31848449948397,73.780413347254,96.49628816480009,82.0175200570403,126.38634595644862,137.5221331976651
126.44178629851713,117.27383421612305,151.38613410334125,126.73184854772752,14.287420834928572,77.28387647188849,97.28380335168268,77.88896159132811,126.546390306968,136.8323145411917
127.32186658303542,112.15075227849498,146.09233471438864,129.25425920342758,15.347424533035651,79.77015459652831,98.33361141298141,74.1266908304288,126.65791368789701,137.50197703290064
128.4691157419219,107.0570670420884,140.7638788822838,131.36946902226205,16.464615627520814,81.36636824109183,99.58606660852733,70.82121435362934,126.715347555539,139.05511950929386
129.81482509138323,102.4945213333967,135.90329364319197,133.2085836405638,17.595519672639696,82.19389009080257,100.98094344498857,68.02783886586944,126.71386751378373,140.70516174990948
131.2900205957962,98.86811319403208,131.93177645873877,135.0442174295911,18.688667557927605,82.35798026288987,102.45804917906842,65.7777823635326,126.64911511145091,141.66426288154864
132.82671139629568,96.51121836279007,129.10454187986505,137.2510098388032,19.68844071698528,81.94587088012867,103.95822588852069,64.09078191877524,126.51696312541367,141.16307660931844
134.3594116192623,95.61670439865775,127.46954666295974,140.16111490541368,20.551772853402127,81.03564533472449,105.42455388713165,62.964264089726726,126.31331259507346,138.68305331585438
135.82668623558266,95.89227534956773,126.79981935208015,143.75569418754253,21.28716730088272,79.71972122129696,106.80348503192671,62.31893391425502,126.03391263545775,135.30592404643926
137.172404353956,96.94941735126446,126.83205289722225,147.79199066451457,21.925387179357312,78.08591683209447,108.0456142773862,62.07577922946443,125.67419691040526,132.93547523241276
138.3463687359315,98.38306682087571,127.34025948902743,151.88853013719194,22.50244596490218,76.21352904810375,109.10583883169157,62.172827080876516,125.22913377246265,133.59798152838079
139.3040186809222,99.74572260903498,128.1337103533785,155.5726742536865,23.052681043832887,74.17544329557718,109.94273848494176,62.55873879159669,124.6930906357913,138.76642620159961
140.00496671445964,100.70066321314555,129.04999833567592,158.3989246425729,23.603652184958918,72.03916799140906,110.5171129208905,63.18778130186655,124.0597172250996,146.31933633677843
140.4102305422242,101.47683583450079,129.9491800507512,160.16644193087794,24.173658881217275,69.8671430722208,110.78971316966361,64.01581163038406,123.32185686420584,149.57277845119518
140.47817844734305,102.45381884071179,130.70983674675554,161.1083902903349,24.772046114785994,67.71670062584191,110.71830368445427,64.99707631999766,122.47149962756447,146.6612103484456
140.15945303872138,103.57912426753323,131.22616755926043,161.8232749738916,25.401864931182217,65.64003268982955,110.25431225860136,66.08178326725637,121.49979538216778,128.98871375179127
139.39152753467465,103.12287395964323,131.40521577713344,163.00655241391604,26.06411995264115,63.68446113638395,109.33951815421358,67.21452196021066,120.39714760213445,124.89393691610573
138.12175908543105,100.49786005307718,131.1939831002933,165.15496219382788,26.75657663369794,61.899832054996324,107.92261101396397,68.3427918674754,119.2622123788146,150.633993272283
136.397868925826,99.0800475411624,130.6603061120754,168.20260205946715,27.458768525826777,60.36083710573647,106.01995184320847,69.44656236024161,118.63231492293818,154.2215338328304
134.30854251376667,99.65717537597219,129.89147828146375,171.83035188145976,28.148914701361466,59.15101140153288,103.67006884254772,70.51439576279658,119.15590372541264,143.66515729130575
131.96950258289303,100.41412760759074,128.96442336041423,175.60364364072015,28.80625711370069,58.35915223594842,100.92283748927451,71.53462902869704,121.45845603852682,118.2987498887801
129.53079782258064,100.09991895579317,127.9472555325351,178.08456605995138,29.40844655767515,58.08360694692896,97.84446231437867,72.49526655006585,126.03212322379234,110.84025683545859
127.14991188908112,98.28226949673571,126.90077255717462,175.70030589233198,29.930324635812745,58.438440334160795,94.51857717260378,73.38399985928932,132.36657496268933,133.16724688018914
124.88431429796054,96.02912218577067,125.88040873134203,172.32988280776084,30.3440027871128,59.56140932763052,91.04287203443404,74.18838441184452,137.71867566423148,154.48776471409673
122.74429777956573,94.34562187274663,124.93911796028769,169.04733223146204,30.620118886168033,61.62258898980275,87.52193189163746,74.89619669290974,140.39379672822875,158.78757871102724
120.70516045399087,93.84382998088967,124.13144101639017,165.88574169322544,30.73008679698317,64.82978777936599,84.05826458731651,75.49597632689115,140.4369778540685,155.60423244599573
118.6985598123266,95.1076659586872,123.5186970842153,162.8103669578438,30.649058719296843,69.42097546362376,80.74407113079228,75.97772694497117,137.06980317522698,140.087132204477
116.58671278918152,98.94357488883438,123.18325577736027,160.04649309082572,30.365605804900387,75.36570864853421,77.65582584625666,76.3442899172954,126.27864151477482,125.81015112133306
114.08954777501822,105.66827312236467,123.25516682089462,158.76323691092878,29.901524623957368,81.48795671931865,74.85251731743024,76.64255996700409,111.84146874676604,124.81179073798882
110.8967479006642,115.12842661787681,123.88102963485706,160.41811733442873,29.288228460129098,86.26162202054607,72.37717447746661,76.92906575707539,103.8298448640849,133.50894541547908
106.77467516893776,125.451202303727,125.21040242370665,166.35884302388567,28.556947103832034,88.17393549327491,70.26061178408682,77.25823564913729,106.0485169872432,142.84700126952947
101.6733226625805,132.6407094445931,127.38609388145281,177.56147788200525,27.73652138340281,85.45936085172946,68.52626597833324,77.68273291016776,119.10861679581785,144.70954081872355
96.10971027301647,133.82103853651643,130.52454027316958,163.2785234676785,26.852071523620317,76.22708955156723,67.19533354447364,78.25484324656054,137.46297813222168,144.1635373938675
91.63885243088774,130.40456517438633,134.68206666371233,141.1831037763725,25.924395026538026,61.52720308187599,66.29186907124068,79.0287410688604,147.5341478050406,145.3830654815825
89.36188922765925,124.88804111548212,139.80925941928305,121.06951321806909,24.969901883168514,45.54056893223836,65.84789476586779,80.06368914672461,149.8413173278172,146.17677926418997
89.7689737143565,119.82251278595983,145.71114255022263,108.39783751531543,24.000894603221887,32.53802427030024,65.90884358513428,81.42857599185453,144.831445435633,144.6833411427494
92.28867668501869,117.0548943803102,152.04677225990224,106.55695217592721,23.026029760757527,23.739571383059104,66.53980826344291,83.20878652060203,130.86359597625417,142.03387924761714
96.26549592944048,117.34547388602363,158.30039410479154,117.71250348118126,22.052235510767407,18.350822374747874,67.80669539934823,85.47548557414935,117.95435701294434,140.27779524080594
101.28503586475395,119.97352138796631,163.76384622166063,134.5264665417052,21.08905288792887,14.935738457978815,69.6951193975268,88.15202858195198,112.6243945579548,139.83459296075407
106.84510059499256,124.16060834604811,168.0925417460133,144.25016439598326,20.144364496399263,12.779878899821522,72.16922628443895,91.09587996864038,113.22988606974515,140.36071840869718
112.2416747118569,129.1355290508627,171.26861226248815,142.9484312425405,19.22346914375367,11.712761458693793,75.18224306119679,94.11072384985161,117.14927925565252,141.3221116626626
116.66901418686852,133.93336906728203,173.4180761584307,135.30274807067946,18.329583874139754,11.706625583635393,78.66270816947747,96.92477365154514,122.1231471521626,142.15231887581186
119.43760808275422,137.46676382269098,174.7141554440735,126.02133323579525,17.46428575345079,12.4826877741859,82.50344441374494,99.19055744953872,126.31934486265635,142.47237953021553
120.47513748307549,139.01415959025474,175.3699754671858,120.2068324931134,16.627910058623073,13.563664631130445,86.5569603039153,100.58363009802817,128.79521827991763,142.17068874077785
120.95999131930644,138.9417920807456,175.65022898652748,118.43559896225482,15.819933476151071,14.784546503500586,90.64055763354393,101.04238545488154,130.02049198352572,141.33236083999918
121.87881982388606,137.7906013811343,175.70196921164458,119.25530321714231,15.039386680312106,16.0025932630946,94.55115112149912,100.62082350109816,130.33087155943593,140.03956018468324
123.71368338781805,136.045893366563,175.60543830339495,120.85819652359778,14.285365626310089,17.13080502024118,98.08492311920095,99.38669242543845,129.8055329613647,138.54679466412492
126.78423226790285,134.18979990552833,175.45499055166934,121.6838163843686,13.55775387476007,18.19225059654226,101.05391296939287,97.38913582825073,128.51451761967397,137.30971369286362
131.42169154793223,132.64356345018325,175.37373538849016,120.79633407561815,12.858274927432053,19.26557834631204,103.33156590514704,94.68078207682265,126.83951812862163,136.76846834058185
137.1801131605303,131.4941172821064,175.3916122913025,118.26779623456859,12.191907909645701,20.363862552869804,104.9625360645164,91.41621590532557,125.67303743127812,136.9289539945017
142.81712918518238,130.7668365524609,175.50087080619474,114.1673459389563,11.568188682601484,21.503170654166098,106.0349750290275,87.78695500500667,125.829491967724,137.62701591300976
146.4154199542156,130.47835954368009,175.68162952575597,108.37267609061384,11.001754118373093,22.720357775928754,106.63579675898042,83.98687026439282,127.06276660770348,138.6509946549526
147.48891159197922,130.59264345667478,175.88726560494607,100.6917712013485,10.512736148136497,24.074215251383254,106.84905695221083,80.19886104107367,127.90054690194272,139.76559759570654
147.05943135794362,130.99312858538403,176.00926584372553,91.12974722111831,10.126662631855014,25.65702979216784,106.7564710335132,76.58242138014279,127.06088957288209,140.75233221855922
144.63951318171868,131.4800017873539,175.82997657916937,80.43463641842217,9.873156206462445,27.619254754423174,106.43867145454394,73.26606866595243,125.14835958126245,141.46414859562927
139.99341444615558,131.7906197401236,175.04721558260005,70.6645039994036,9.782740367584365,30.217595181856073,105.97641218675294,70.34650288604128,123.58143514340807,141.86373902320693
134.78189994246094,131.62894966874524,173.42573492623475,64.83220414636385,9.881716270476119,33.90873287943399,105.45133898112303,67.89381432364279,123.21678416448108,142.00834366127916
130.629383806982,130.68845066127616,170.8556990561458,65.46729922374895,10.186410086980816,39.52741583212681,104.9462134225868,65.9606435020818,123.77004741775195,141.97076101050635
128.1510560445543,128.75015333394498,167.30067218248445,74.36709277975227,10.700196558566502,48.32491155748617,104.52716640344512,64.56774812577173,124.41584485007128,141.73415365409736
127.01056557945213,125.9605768433635,162.88325374956324,93.53090445854396,11.417669253525837,60.56630028489933,104.19052864919803,63.643185735746755,124.7281079248154,141.18680009245344
126.86803841977269,122.6068795210027,157.83767925591025,122.16347716791343,12.326741528992786,73.86831719607504,103.91472790512998,63.109076137115856,124.6535497827404,140.20325223028837
127.51841664554401,119.02182384072104,152.4922984913897,138.853569730847,13.411507383850042,84.1239443947209,103.67783815706282,62.9026567915008,124.28801088709494,138.76287896894223
128.8185917455973,115.54842409618729,147.23361697184095,146.32042378634173,14.655202934402544,89.86326393413727,103.45769455686664,62.97116453148058,123.7943937463842,137.00159356323257
130.63169907015177,112.49592254402259,142.42988778128188,153.06219204468778,16.042089750106086,91.55520476960992,103.23198837592997,63.26778241414901,123.35811050434833,135.1747803511627
132.78011664311703,110.10924036405459,138.3567109082095,160.06873369733046,17.55841164232145,90.49010982453294,102.978353389468,63.74841270018075,123.14291509483664,133.57826451320906
135.01137384767205,108.5657296560359,135.1626870432666,165.0581447915743,19.19280416337568,87.93671962937142,102.67445449400901,64.36912446572553,123.23951164819574,132.48472323293942
136.99514407755223,107.99786218079417,132.87891089743832,164.7733961153569,20.93648468583246,84.98945541321187,102.29809116247407,65.08422025259493,123.62430839885624,132.11704607269982
