landmark_0_x,landmark_0_y,landmark_0_z,landmark_1_x,landmark_1_y,landmark_1_z,landmark_2_x,landmark_2_y,landmark_2_z,landmark_3_x,landmark_3_y,landmark_3_z,landmark_4_x,landmark_4_y,landmark_4_z,landmark_5_x,landmark_5_y,landmark_5_z,landmark_6_x,landmark_6_y,landmark_6_z,landmark_7_x,landmark_7_y,landmark_7_z,landmark_8_x,landmark_8_y,landmark_8_z,landmark_9_x,landmark_9_y,landmark_9_z,landmark_10_x,landmark_10_y,landmark_10_z,landmark_11_x,landmark_11_y,landmark_11_z,landmark_12_x,landmark_12_y,landmark_12_z,landmark_13_x,landmark_13_y,landmark_13_z,landmark_14_x,landmark_14_y,landmark_14_z,landmark_15_x,landmark_15_y,landmark_15_z,landmark_16_x,landmark_16_y,landmark_16_z,landmark_17_x,landmark_17_y,landmark_17_z,landmark_18_x,landmark_18_y,landmark_18_z,landmark_19_x,landmark_19_y,landmark_19_z,landmark_20_x,landmark_20_y,landmark_20_z,landmark_21_x,landmark_21_y,landmark_21_z,landmark_22_x,landmark_22_y,landmark_22_z,landmark_23_x,landmark_23_y,landmark_23_z,landmark_24_x,landmark_24_y,landmark_24_z,landmark_25_x,landmark_25_y,landmark_25_z,landmark_26_x,landmark_26_y,landmark_26_z,landmark_27_x,landmark_27_y,landmark_27_z,landmark_28_x,landmark_28_y,landmark_28_z,landmark_29_x,landmark_29_y,landmark_29_z,landmark_30_x,landmark_30_y,landmark_30_z,landmark_31_x,landmark_31_y,landmark_31_z,landmark_32_x,landmark_32_y,landmark_32_z
0.7125675861755071,-0.25600277729147736,-0.19700118473605818,0.7057624744444294,-0.2968498757338032,-0.17832998202701109,0.6983951880396367,-0.3026939089719647,-0.17910205709778373,0.6912785708665887,-0.30850534026991105,-0.1791930504802066,0.708759705431135,-0.29272754762074876,-0.2507494895488984,0.7041627427935887,-0.29558119240887376,-0.25155508995311415,0.6982766367054365,-0.2984792060307312,-0.2516605853120296,0.626060529354412,-0.3299099365139834,-0.07673415083620591,0.6332387646491533,-0.31666755225874293,-0.385500463395442,0.66313375178307,-0.24360991107492855,-0.14103528923049957,0.6636630095047803,-0.2412849546506608,-0.2381987709217662,0.42176665752387427,-0.2318174928306084,0.11547963338626983,0.43896216753705763,-0.17716476947865234,-0.44728372366389846,0.2650445745173641,-0.015163617269848287,0.2715980902326047,0.374933432151631,0.09798209107304989,-0.4099799220907188,0.23283580151122873,0.19465459409339317,0.25753338253371066,0.2901315646812752,0.3170083833223885,-0.34520713820053084,0.2119798839777939,0.25937028901716386,0.25428782767003977,0.24961702115528397,0.23839790206349967,-0.4186671555619116,0.22659021539026283,0.271827244374636,0.15096549427174052,0.2651287496687333,0.24359218352049894,-0.4275355260222684,0.21455553686517526,0.2615326924117649,0.21612464006663878,0.2666101429658895,0.25554647615785026,-0.34975450146855,0.03579305982417857,-0.004336855621384729,0.1955045307189567,-0.03579305982417857,0.004336855621384729,-0.1955045307189567,0.23403767399895212,0.2124420837718534,0.43471666937375086,0.25551421827909476,0.28690498695697103,-0.2683661566770769,0.06514434557924176,0.19379375988811223,0.6834770040686661,0.1407128181748094,0.2409890373568955,0.4444846792344899,0.011509915962233906,0.1871051056772374,0.7063382782405382,0.06466439664415337,0.22029083890179527,0.531701296266775,0.027410010961269195,0.17546379077457488,0.7790839275254594,0.06128263801202978,0.24064052339863592,0.7463926778980865
0.6987318000221996,-0.2631381028187366,-0.20450433657336692,0.6947439443492169,-0.30105771219429645,-0.18563198686256527,0.6882794144927848,-0.30582666614438675,-0.1864443075062721,0.681925051992248,-0.31062049904522304,-0.18653771345268383,0.6960989242462257,-0.29883327748661875,-0.2545418892777651,0.691108308275173,-0.30186901629515933,-0.2553835989196408,0.6849919625514246,-0.3050964422879241,-0.25554718452197306,0.6215093135048112,-0.32969533445344307,-0.07922092943831295,0.623658602454709,-0.32186029719434134,-0.3746942347198126,0.6524085003605989,-0.2496146477285521,-0.14645240839798435,0.6517522995744969,-0.2489534573031164,-0.23961110874754182,0.42650703819392793,-0.23066944127207584,0.10797916386988168,0.42932711180538113,-0.19370833753737104,-0.4448247399390357,0.27575766188193895,-0.021375413151698778,0.26291537011824617,0.35118181059630027,0.06483609761120544,-0.4237509742306309,0.25054565427399766,0.16948170434891918,0.24044901839658905,0.28638497808539165,0.27847317558352297,-0.31483863010505103,0.23342823022185039,0.22673095617205286,0.23644340063589228,0.25305833929311733,0.27194801091172527,-0.4024651704762161,0.24929573286484505,0.23623441358586778,0.13810884416444363,0.2695608116182617,0.2790522163131686,-0.400095404847756,0.2376519630861594,0.22686472112849126,0.20095835052895364,0.27138004444382413,0.2750533620394052,-0.31764437638104726,0.037756152347481566,-0.00191126843464723,0.18811092771642607,-0.037756152347481566,0.00191126843464723,-0.18811092771642607,0.20209913512138042,0.22000027206165226,0.4723739774384042,0.217475611691882,0.27493779736355006,-0.2786449343186844,0.03957959018955203,0.2238552914446625,0.6670942986416118,0.09695738597427868,0.2614050613066807,0.4243201862175931,-0.011415368497531343,0.22041066887530092,0.6836850295495633,0.025639582495000042,0.24758323743727845,0.5112251133217959,0.02555871875124703,0.21755630512644508,0.8153872795158125,0.10644778084810012,0.27072490377049907,0.6725511209168826
0.6860828164515362,-0.26984170267422347,-0.21297182064302725,0.6846759974066909,-0.30510748967497936,-0.19394135336036397,0.679034532723657,-0.3089071511649755,-0.19479222063806542,0.6733788694370249,-0.3127833690066284,-0.19488902377038025,0.6844527662246152,-0.30460977037254183,-0.25962977948385113,0.6790534546000413,-0.30781895969568207,-0.26050530225952784,0.6726823853421467,-0.3113513407887689,-0.26072488107867897,0.6172623747869591,-0.3297479595507679,-0.08303927655289794,0.6146236979164226,-0.3268354216949525,-0.3663175077518465,0.6424620735738585,-0.2553116379027038,-0.15299807355022388,0.6406857308785243,-0.25616979396820005,-0.24246382200946714,0.43091060326595887,-0.2298001755114156,0.09980841730917404,0.4201899384782079,-0.2089342884756689,-0.44589913269205494,0.2854484287474525,-0.02695219993826685,0.2535357833396911,0.32892642501433944,0.034603356563686724,-0.43737458453217326,0.2667516724787851,0.14677942239880634,0.22305488394447195,0.2829226758039769,0.2423687655775107,-0.30177388755275136,0.252963620460799,0.19724157321010358,0.21825639923133258,0.2561040648581336,0.2911834174419505,-0.39676384049151064,0.2699698826346454,0.20406739358315046,0.12435220711162705,0.27378281742636024,0.2989496088847617,-0.387612945581361,0.25868794899638503,0.1954796055507207,0.18528630544294097,0.27585895394330656,0.2815401739680083,-0.30324525718832346,0.03966800866372988,0.0002829672291039548,0.18154033417663154,-0.03966800866372988,-0.0002829672291039548,-0.18154033417663154,0.1740964747125551,0.22648183420613086,0.5048094754287827,0.1829219544078315,0.26404909669650023,-0.2818825136453866,0.0170961751568296,0.25120481197118943,0.7233933424626249,0.05775330915425906,0.28022109959168084,0.4041553155011254,-0.03160309853428597,0.25072975277502496,0.7415605680493035,-0.009223926735926036,0.27260043559429953,0.48911181307939505,0.022563270789272054,0.256130896309209,0.8418403375036093,0.13460735527862774,0.2986885652387484,0.6464594736431378
0.6745877613306116,-0.27611656226468884,-0.22227173522510382,0.675533385910724,-0.30899200159460644,-0.20312339162300644,0.6706380481153588,-0.31192391563047345,-0.2040110769071118,0.6656195317097993,-0.3149784927283128,-0.20411213578526458,0.6737984320484165,-0.31005602785068137,-0.26587037805917707,0.6679786222658675,-0.3134299867447697,-0.2667774630449364,0.66133153841564,-0.31724352832059416,-0.267050837281474,0.6133201038309016,-0.33004423557940027,-0.08804883953987896,0.6061371222326978,-0.33158653561118934,-0.36019951467461786,0.6332835603399852,-0.26069828201174017,-0.16053580078170715,0.6304523002836823,-0.26293633044588954,-0.24661285139883302,0.4349884475965418,-0.22918936983987356,0.09107311853096224,0.41156047717949384,-0.22287861282968213,-0.44911007130600955,0.2941607900834497,-0.031923969378715056,0.24357343088616934,0.30815411654042824,0.007186001344792168,-0.45079241235131673,0.2815087306460886,0.12644569866217492,0.20547234602511996,0.279742907942685,0.20870968045157157,-0.3034892641671352,0.2706606743708518,0.1707742160082793,0.19985504951630612,0.2587786037803802,0.2975401543881489,-0.40055112744058596,0.2886924875728269,0.17518763366549076,0.10985040460769042,0.27779749103003326,0.30491853950894093,-0.38824310321722866,0.2777436827980248,0.16724828515787732,0.16923827975981875,0.2800554373383174,0.2767817203387501,-0.3040134825951649,0.04152268949213164,0.0022536202812719133,0.1757567833304617,-0.04152268949213164,-0.0022536202812719133,-0.1757567833304617,0.1498354886593223,0.23194450266050465,0.5314248587119397,0.15173720948064384,0.2542048607419355,-0.27899774531683696,-0.002466003746969266,0.2759316857059705,0.8127530424614768,0.022898660993093907,0.2974709175927433,0.3849345065944599,-0.04919554674420817,0.2781589065754977,0.8364803066352239,-0.04011749535085355,0.29539879223619103,0.4666510123090729,0.018458335802532956,0.2912889836144293,0.8652629175077883,0.1477190879483654,0.3245653108531577,0.6451309837333287
0.6642137605265196,-0.28196566699688325,-0.23227217859966118,0.6672908621551887,-0.31270404137193186,-0.2130434117530921,0.663067466050996,-0.3148655111376226,-0.2139661567273594,0.6586265473194506,-0.3171904127844616,-0.2140722038493053,0.6641131223997424,-0.3151710514932001,-0.27312090289576363,0.6578642517703248,-0.3187010615767493,-0.2740573443480274,0.6509230551099403,-0.3227726316707278,-0.2743822154296844,0.6096828912666837,-0.3305605863127819,-0.09410926575917401,0.598201946601938,-0.3361072487936643,-0.3561694876711999,0.6248620495761141,-0.2657719804700176,-0.16892910618692314,0.6210410046567898,-0.26925543253616274,-0.25191413760693,0.43875166604225124,-0.2288166985486952,0.08187899236206148,0.40344855753319464,-0.23557730113554656,-0.45306072516395324,0.3019386608594754,-0.03632071322220594,0.23314241374691044,0.2888517263092461,-0.017513834631179944,-0.46394611704403205,0.29487170329640516,0.10837848355814483,0.1878227714862935,0.2768439246071703,0.17751044735292582,-0.31746111357170603,0.28659401162822046,0.14720096044354314,0.18136757755075794,0.2611063619899044,0.2924542544842936,-0.41281499315623305,0.3055433705525522,0.14945658313189525,0.09475825814703333,0.2816075563662846,0.2985931864593692,-0.4001408327495043,0.2948993526932511,0.14204169942938497,0.15294404843080475,0.283978060502837,0.2625528095467214,-0.3174053913063581,0.04331425555189502,0.004008459633259739,0.17072430840880481,-0.04331425555189502,-0.004008459633259739,-0.17072430840880481,0.129121972848528,0.23644600987998893,0.5516218226549285,0.12380533996401971,0.2453710652859697,-0.27090947999268933,-0.019267050749888392,0.29812527688728324,0.8955523055679387,-0.0078084852308735915,0.31318828069071536,0.3676021990069698,-0.0643349857234762,0.3027946794758074,0.9249596582027889,-0.06723248765201124,0.3160346662262855,0.4451323277803299,0.013278582518218443,0.3231319863336682,0.8924748355472889,0.14774070550206586,0.34838894366350037,0.6455788988439313
0.6549279399063547,-0.2873920022775576,-0.2428412490467641,0.6599231784339575,-0.31623640242571016,-0.2235667238532203,0.6563002919136744,-0.3177204892831654,-0.2245227405127565,0.6523794247748588,-0.31940367174926027,-0.2246343823144713,0.6553740379607064,-0.31995384287226175,-0.28123857188563167,0.6486907836110866,-0.32363114832594847,-0.2822022092409623,0.6414405687630846,-0.3279382776264982,-0.2825761778226367,0.6063511277243508,-0.33127343552435506,-0.1010802025707012,0.5908212422225474,-0.3403911710929901,-0.3540566589246671,0.6171866301993819,-0.2705301336918929,-0.17804150586036083,0.6124408408646667,-0.27512946603899746,-0.25822362132504884,0.44221135345966206,-0.22866183592912645,0.07233176362928709,0.3958640091632662,-0.2470663439293985,-0.4563542636489396,0.3088259560450747,-0.04017242321790207,0.22235683291114422,0.27100609545547255,-0.0395940179499313,-0.4767773579662903,0.30689546495023245,0.09247572750583619,0.17022752717575318,0.27422397590308684,0.14878559342879358,-0.34116578938996733,0.3008382519091171,0.1263938823928584,0.16292220939463348,0.2631117454167536,0.27736175046435807,-0.4325433994712427,0.32060235444698437,0.12673569128137066,0.07923058922405551,0.28521573737211814,0.2816077280097095,-0.42146108917233344,0.3102351468842369,0.11973078784466766,0.1365333864071169,0.2876353893108463,0.24062824998701282,-0.340877322026689,0.04503676756222815,0.005555254196470523,0.1664069426425494,-0.04503676756222815,-0.005555254196470523,-0.1664069426425494,0.11176172316701823,0.24004408831979926,0.5648020626248027,0.09901030891165957,0.2375136861147168,-0.25853656833259714,-0.033467070079971586,0.3178749497534053,0.9321700387117826,-0.03457005623930012,0.3274069542664442,0.3531028322480288,-0.07716368806826837,0.3247336206750424,0.9635140356474643,-0.09076026794162785,0.33456441642791585,0.4258453762626669,0.007058679663517231,0.35176132375848856,0.93029590764105,0.13662993458448178,0.37019326671955033,0.624816466631423
0.646697425337211,-0.2923985535134626,-0.25384704484647697,0.653405087040903,-0.3195818781746955,-0.23455863802599033,0.6503140310864994,-0.3204774016638441,-0.23554610867725112,0.6468576725849028,-0.3216028121968944,-0.235663825532731,0.6475583794134205,-0.32440340356002906,-0.2900806029208017,0.6404386582858265,-0.3282192111266945,-0.29106932079590175,0.6328677127131089,-0.3327400929752333,-0.29148988675965715,0.6033252038339484,-0.33215920698756185,-0.10882129733437852,0.5839980802929292,-0.3444319123597792,-0.3536902606180929,0.6102463911269238,-0.2749701420917223,-0.18773651589650914,0.604640805774132,-0.2805607967543715,-0.26539724324448016,0.4453786047053486,-0.2287044562724129,0.06253715715945433,0.3888166616936641,-0.2573817317473739,-0.4577604922683031,0.3148665906097923,-0.04350909111496599,0.21133078936810026,0.25460406511378725,-0.059152415197163494,-0.48922779447406184,0.31763489012806745,0.07863538092436904,0.15280797994125936,0.27188131193608867,0.12254964582639494,-0.3720796452454227,0.3134680148897535,0.10822505773318823,0.14464717110787786,0.2648191599909749,0.2536986750623157,-0.4587243082184059,0.33394926212928616,0.10688640741292359,0.06342221933315662,0.288624757984538,0.2555963424336246,-0.4503588274798616,0.3238312535731545,0.10018648988314936,0.12013606863997293,0.2910359896363255,0.21278285005471542,-0.37188561346094434,0.04668428624233916,0.006901772882307357,0.16276871926258388,-0.04668428624233916,-0.006901772882307357,-0.16276871926258388,0.09756053550163893,0.2427964704351509,0.5703672739886155,0.07723607937726407,0.2305986990142907,-0.2427978609962143,-0.04522616596526259,0.335270068542614,0.896148571016723,-0.05758797875384236,0.34016070370077706,0.34218810091646884,-0.08782392637476281,0.3440722793722907,0.9230939049753395,-0.11089220052193204,0.35104440170441414,0.409882243676601,-0.00016670403438195924,0.37727841518045263,0.97434365602095,0.11634450184036611,0.39001208307108065,0.5670783401945884
0.6394893426861825,-0.2969883061113489,-0.2651576642788645,0.647711340269898,-0.3227332620376425,-0.24588446437400152,0.6450861889525769,-0.32312479987640086,-0.24690154163479147,0.6420407992584627,-0.32377237670154946,-0.24702568785605322,0.6406433474399984,-0.32851873512866525,-0.2995042138932944,0.633088316292218,-0.3324642141133149,-0.3005159420850072,0.62518812029805,-0.33717770450426154,-0.3009805045400723,0.6006055102255217,-0.3331943244758441,-0.11719219741012404,0.5777355320114872,-0.34822308244464434,-0.3548995249345513,0.6040304212758756,-0.2790894060838624,-0.1978776523898571,0.5976298962520054,-0.28555179048226276,-0.27329094405651494,0.44826451463588585,-0.2289242338698003,0.05260089777937844,0.38231634474834425,-0.2665594551256088,-0.45671576102650013,0.3201044795231733,-0.046360708662560236,0.20017838410700817,0.23963247641886964,-0.07628689295857825,-0.5012390859233176,0.3271448533504078,0.06675539423286347,0.1356854966305726,0.26981418281183006,0.09881713169295,-0.4076790347615754,0.32455792024634167,0.0925665623414958,0.12667068875043644,0.2662530116426158,0.2229010610121398,-0.49034568123051353,0.34566391647262046,0.08977018082556072,0.04748796996873624,0.29183734214054813,0.22219320800477746,-0.4849890026662341,0.3357678609621766,0.08327974502425399,0.10388187008059077,0.2941884273532554,0.18079141814491964,-0.4078866043139101,0.04825087231143622,0.008055784602173332,0.15977367149979657,-0.04825087231143622,-0.008055784602173332,-0.15977367149979657,0.08632420573923615,0.24476088868125934,0.5677191521134204,0.05836661441453373,0.2245920797708053,-0.22461220864319428,-0.05470444263380523,0.3503999974931871,0.8136839203822448,-0.0770641794961571,0.35148329437456133,0.33483871996895603,-0.09645797323913785,0.3609072047666407,0.8323899446350026,-0.12781964969515258,0.3655309809191134,0.39754489254671577,-0.008362899848290426,0.39978467989112304,0.9754264277706246,0.08884213391447154,0.40787919576786547,0.4854847944014444
0.6332708178203635,-0.3011642454779672,-0.27664120562399125,0.6428166904148144,-0.3256833474333053,-0.25740951299985326,0.6405942708950123,-0.32565123551757785,-0.25845431979932565,0.6379083133044179,-0.3258969078374107,-0.25858512363640646,0.6346061427225526,-0.3322988391503335,-0.3093666226951305,0.6266201981279346,-0.3363651214201369,-0.31039933618043947,0.6183854248559439,-0.3412507390009109,-0.31090519346320855,0.5981924375291158,-0.3343552117626439,-0.12605255015785582,0.5720366685766249,-0.35175829119819807,-0.357513684057116,0.5985278095633731,-0.28288532608266975,-0.20832843143489366,0.591397109165106,-0.29010481302264884,-0.2817606644524434,0.45088017810784825,-0.22930084301253426,0.04262871031587472,0.3763728879512623,-0.27463550460023933,-0.4528230560522679,0.3245835377547624,-0.048757267609847374,0.1890137181170977,0.2260781705053993,-0.09109531781987723,-0.5127528916700281,0.3354802291377506,0.05673371785043955,0.11898144409145339,0.26802083863596504,0.07760257817567895,-0.4454403115619292,0.3341825876550934,0.07929047209474434,0.10912098838225438,0.2674377063017233,0.18640494104780383,-0.5263954803403565,0.35582614035015003,0.07524846081828869,0.03158266262519409,0.2948562137771524,0.18303250299683102,-0.5235065697255965,0.3461251572534758,0.06888149274740549,0.08790056568018818,0.2971012683356164,0.14642876265271645,-0.4463366332903729,0.04973058648872743,0.009025058267471537,0.15738583258507596,-0.04973058648872743,-0.009025058267471537,-0.15738583258507596,0.07785852976665587,0.24599507551333985,0.5562593923662706,0.04228587707716915,0.2194598041703745,-0.20489846193319075,-0.062062004313643296,0.363354100843402,0.7241355269017755,-0.09320058518790102,0.3614084916686442,0.3308426594516153,-0.10320810125757167,0.3753349460571804,0.7345278861856658,-0.14173397976351818,0.3780805129353459,0.38893775454861135,-0.017495239051019455,0.4193815371820623,0.8731502761866481,0.056080557451550835,0.42382840785967785,0.4003775095623163
0.6280089766068484,-0.30492935702006835,-0.2881657671619218,0.6386958897695251,-0.32842492778043836,-0.2689990940061449,0.6368157822969115,-0.3280452601841175,-0.2700697235848019,0.6344397232316479,-0.3279609481786639,-0.2702072872257595,0.6294239659431958,-0.33574271719719695,-0.31952504721833064,0.6210147442906495,-0.3399208971814879,-0.3205767661543598,0.6124432597248276,-0.34495882325250976,-0.3211211158283924,0.5960863763747763,-0.3356182926214034,-0.1352620029374919,0.5669045611867463,-0.355031148471053,-0.361361970168861,0.5937276449065525,-0.28635530250250085,-0.21895236912610777,0.5859314413802534,-0.29422223017550775,-0.29066234512355665,0.45323668997781047,-0.22981395799186058,0.03272631959575843,0.3709961209263743,-0.28164587070740155,-0.44568536347434357,0.3283476802741046,-0.05072875970598996,0.17795089238759848,0.21392798850805586,-0.10367555636676208,-0.5237108710701646,0.3426958920105933,0.048468302196217346,0.10281718917166223,0.2664995295141478,0.058920512421801845,-0.4828398292699875,0.3424166367922208,0.06826886286989704,0.09212629606327698,0.2683976498983449,0.14564634790328107,-0.565861667380726,0.3645157566350378,0.06318269669011418,0.01586111879692979,0.29768409683135477,0.13974840568344807,-0.5640664836520941,0.35498333064922466,0.056862672532027814,0.0723219303899831,0.29978307845738916,0.11146969197319656,-0.48469203909511877,0.05111748949342097,0.009817362789605067,0.15556923574931045,-0.05111748949342097,-0.009817362789605067,-0.15556923574931045,0.07196930347074414,0.2465567633866079,0.5353896901142198,0.028877830418870914,0.21516784799911223,-0.18457547152585743,-0.06745895523282056,0.37422174283153614,0.6668628306687436,-0.10619912255073087,0.3699700609638728,0.32998788941057133,-0.10821658302624254,0.3874520524429982,0.6726334611865423,-0.15282655502925752,0.3887493566164444,0.384165261357888,-0.027529052915380336,0.4361704063448329,0.6592112809062689,0.02001749909635677,0.43789352239629176,0.3320981659875295
0.6236709449127313,-0.30828662614440305,-0.29959944717272086,0.6353236906279026,-0.33095079649779585,-0.28051851749547574,0.6337282285413799,-0.3302954254727621,-0.28161303340516836,0.6316145375490323,-0.3299490402994944,-0.28175733297608085,0.6250740177840416,-0.33884937084141875,-0.3298367053549156,0.6162523952780365,-0.3431305055316954,-0.3309054950789292,0.6073452582427371,-0.34830158404638606,-0.33148543393495006,0.5942877173925484,-0.33695999082556466,-0.14468020310895033,0.5623422810402546,-0.3580352641138218,-0.3662736154528601,0.5896190162225493,-0.28949673575771206,-0.22961298155798843,0.5812218897642674,-0.2979064077408172,-0.29985192676114525,0.45534514510234725,-0.23044325309902491,0.02299945044584488,0.36619587329763587,-0.2876265439832314,-0.43490566942146447,0.331440822050745,-0.052305176700150544,0.16710400790774024,0.2031687715615188,-0.11412547518493447,-0.5340546834796975,0.3488467164894332,0.04185709768931694,0.08731409871895963,0.26524850555203255,0.04278546157853884,-0.5173539415092536,0.3493346873339355,0.05937381054391713,0.0758148378534495,0.26915724836252797,0.102061314312545,-0.6077322041844125,0.37181258820044666,0.05343433774004384,0.0004781599783430042,0.3003237152401594,0.0939750943382916,-0.6048236994398725,0.3624225693515959,0.04709422385754495,0.057275739161193315,0.3022424235925542,0.07768901450145062,-0.5204091604329344,0.05240564204472498,0.01044046707997701,0.1542879142233885,-0.05240564204472498,-0.01044046707997701,-0.1542879142233885,0.06846232273834697,0.2465036847562789,0.5045117407243211,0.01802643749333958,0.21168218704313244,-0.1645620880808479,-0.0710553996193808,0.38309228769586734,0.681225271776577,-0.11626171830630334,0.3772017676410946,0.3320623798919491,-0.11162569114132867,0.39735507312318236,0.6898324011968445,-0.16128873979459943,0.3975938708257414,0.3833318446501458,-0.038429672714184356,0.4502527066709973,0.5336656269294313,-0.01738931450635786,0.4501083424274806,0.3009884439874093
0.6202238486051062,-0.311239038257722,-0.31081034393645285,0.6326748452838191,-0.33325374700413235,-0.2918330935704452,0.6313091150115233,-0.33239028298025364,-0.29294952967437304,0.6294122647654505,-0.3318457267740876,-0.2931004152393392,0.6215334989272022,-0.3416178016551619,-0.340158814996906,0.6123135915877689,-0.3459929106050866,-0.3412427860263087,0.603075053747709,-0.35127864816986815,-0.34185531008220815,0.5927968512124773,-0.33835673014856954,-0.15416679803214914,0.5583528993355539,-0.3607642479771169,-0.3720778520921869,0.5861910124284991,-0.29230702626266003,-0.2401737848250245,0.5772574511839664,-0.30115971151855503,-0.3091853500564998,0.45721663833803317,-0.23116840262527294,0.013553827692949284,0.36198197468900273,-0.292613514963865,-0.4206647864502383,0.33390687805422814,-0.05351651034149166,0.15658716566675257,0.19378736080046766,-0.12254294086009605,-0.5437259882545976,0.3539875770947675,0.03679805474885835,0.07259353958110604,0.26426601685527323,0.029211952793110087,-0.5470439925622861,0.35501135895644953,0.05247739099376777,0.06031483981271713,0.2697409076243195,0.05759154670782317,-0.6493688398819928,0.37779645791953936,0.045864833267084286,-0.014411392336166591,0.30277779294056995,0.04780695905478381,-0.6429966030465565,0.3685230615627619,0.03944708620338081,0.042891766945036644,0.30448786961509205,0.04672195119417933,-0.5513961238062737,0.05358910486184757,0.010902140049990452,0.15350590123819843,-0.05358910486184757,-0.010902140049990452,-0.15350590123819843,0.06714338345631034,0.2458935720775681,0.4635506149507994,0.009615661354275745,0.2089687970885489,-0.14577104875645916,-0.07301144170136782,0.3900550996746728,0.7822746702190252,-0.12359029917627518,0.3831373770811567,0.33658350829654754,-0.11357769819900833,0.4051405572968209,0.8028574513870843,-0.16731189836177246,0.40467041442656937,0.3861865881612395,-0.05006544722645716,0.46172985745211803,0.665609739480775,-0.05432207471661502,0.46050667100301806,0.31822471243914274
0.6176348135510674,-0.3137895787667758,-0.3216665557331824,0.6307241060311477,-0.33532657271820204,-0.30280813233365234,0.6295359470904471,-0.33431838430333455,-0.30394449280636426,0.6278124133897821,-0.33363555017662905,-0.30410168836750323,0.6187796100547908,-0.3440470112105897,-0.3503485940363224,0.60917877371752,-0.348507076535989,-0.35144590206865944,0.5996162795777797,-0.3538896424102841,-0.35208790656949285,0.5916141684646086,-0.33978493436386015,-0.16358143506700637,0.5549394872710476,-0.36321170991155105,-0.3786039122699156,0.5834327224415381,-0.2947835744317013,-0.25049829502170506,0.5740271225061706,-0.3039845073086991,-0.31851855570091103,0.45886226454144263,-0.23196908086185042,0.004495176163886951,0.35836425472443073,-0.29664277418543844,-0.4054548328287554,0.33578976325409926,-0.054392752379175874,0.14651446665386522,0.18577059735958198,-0.1290258199779485,-0.5526664447508357,0.3581733483470936,0.03318912379396171,0.05877687860586198,0.2635503135295241,0.01821451321273568,-0.5723112893478641,0.35952127133597483,0.047451680096412166,0.045754528001025224,0.27017303361376693,0.016201446314360404,-0.6816284727951872,0.3825471886654789,0.04033563257024219,-0.02865271665219935,0.3050490538695907,0.005179237205384754,-0.6720573042836905,0.3733649954848954,0.033792199048959394,0.029299788692730963,0.3065279823989834,0.019645373254522466,-0.5773682069082638,0.05466193866399691,0.011210150611048492,0.15318723002462872,-0.05466193866399691,-0.011210150611048492,-0.15318723002462872,0.06781828151148024,0.24478415780569104,0.41452488509656427,0.0035294650553799704,0.20699365392147562,-0.12909063670556128,-0.07348718570682544,0.3951995430062302,0.8878323655911265,-0.12838679188230306,0.3878106546649063,0.3419862814438624,-0.11421487679545972,0.41090505416300216,0.9228694113729708,-0.1710873950330054,0.41003534628226096,0.39105718386804156,-0.06191679525608175,0.47070327797975753,0.8919408993210298,-0.08952264491353552,0.46912231117267755,0.3583220944873646
0.6158709656177095,-0.31594123307831545,-0.33203618084297437,0.6294462251637606,-0.33716206705875945,-0.31330894388769687,0.6283862301612575,-0.33606828103874714,-0.31446320321509014,0.626794491930907,-0.3353030530813043,-0.31462630671254166,0.6167895518489204,-0.3461360010798653,-0.3602632603651858,0.6068283821649637,-0.35067196745873,-0.3613721062781427,0.5969525690709858,-0.3561341935549623,-0.36204038569613084,0.5907400597789876,-0.3412210272448787,-0.1727837615734401,0.5521051160451395,-0.36537125976773704,-0.38568102816911987,0.581333235178802,-0.2969237806791923,-0.26045002824251906,0.5715199005976993,-0.3063831609112272,-0.32770748438566977,0.4602931185691509,-0.23282496210000306,-0.004070779314526861,0.3553525430278757,-0.29975031218408776,-0.3925150117756041,0.3371333926199032,-0.05496389456236575,0.13700001185830785,0.17910532237354138,-0.13367197912419354,-0.5608177123243826,0.3614589047669089,0.030928255243747052,0.04598548264098794,0.2630996456804395,0.009807669984635732,-0.5941421294438207,0.3629390441487233,0.044168753728813556,0.03226212847831891,0.27047803226091766,-0.01763891194434431,-0.6937417885435009,0.3861446033114281,0.036708184948524264,-0.042090991475355645,0.3071402219642255,-0.029512622017686237,-0.6845413439262977,0.377028559320169,0.030000501873704618,0.01662957935549411,0.3083713278182087,-0.0026034355527703376,-0.5984924752296993,0.05561820417038115,0.011372267674554225,0.15329593381356782,-0.05561820417038115,-0.011372267674554225,-0.15329593381356782,0.07029281279070272,0.24323317439586314,0.35997649885169614,-0.00034818834964716466,0.20572273332802657,-0.11540302157966766,-0.07264273586379744,0.39861498192881717,0.8914120773882408,-0.13085312314604375,0.391255365773191,0.34643511350806305,-0.11367949952686114,0.4147451129208144,0.9346360943815124,-0.172806594110527,0.413745025256149,0.3959159758076782,-0.07336715311315554,0.4772743875454786,0.9665066010949489,-0.12187280648101496,0.47598906598623286,0.38663040184357145
0.6148994306721263,-0.3176969865990916,-0.34178731754589314,0.6288159549755304,-0.3387530234445588,-0.32320083833517804,0.62783746960706,-0.33762852478323363,-0.3243709413144989,0.6263380088977046,-0.3368327780622989,-0.3245394246264231,0.6155405249917038,-0.34788377283515187,-0.36976003187551665,0.6052428574277733,-0.3524865475076372,-0.3708786617269194,0.5950675555653637,-0.35801192839123075,-0.3715699097614485,0.5901749157856595,-0.3426414325650672,-0.18163342491136844,0.5498528568562331,-0.36723650739628727,-0.3931384319728737,0.5798816395574266,-0.2987250454194896,-0.26989250058195546,0.5697247823253718,-0.3083580381261172,-0.3366080768020666,0.4615202952777322,-0.23371572063097656,-0.012038313915476878,0.3529566692232934,-0.30197211949594926,-0.3855406775526143,0.33798168112118493,-0.05525992864022383,0.12815790226931006,0.17377837697702542,-0.1365792848845328,-0.5681214503312092,0.36389912087471077,0.029913399517334446,0.03434071853424446,0.2629122634136733,0.0040059502560303925,-0.6173145534404935,0.36533929707090695,0.042500687767935086,0.019965867304543573,0.27068030949581895,-0.03983279617370505,-0.6864914211961504,0.3886685247305498,0.034843939700937084,-0.05457139531123579,0.30905402116147845,-0.05226453863135012,-0.6814420785478168,0.3795939412707554,0.027942934157040432,0.0050109138845439195,0.31002647174674863,-0.019087191462949373,-0.6188618148043245,0.05645196210020843,0.011396260151910738,0.15379604583590414,-0.05645196210020843,-0.011396260151910738,-0.15379604583590414,0.07437277318082378,0.24129835430329977,0.30531840269255467,-0.0021333358071051155,0.20512201109431563,-0.10559037303029156,-0.07063819640032759,0.40039078068071127,0.7287608072224727,-0.13119121968915404,0.39350527578685773,0.3480944186633193,-0.11211383898939085,0.4167572827693458,0.7670879400575905,-0.1726608598965661,0.4158558102115658,0.398735308017276,-0.08379995710777584,0.48154460544084354,0.7286652356451373,-0.15025434080294875,0.4811407384934577,0.37859997181266725
0.6146873345814119,-0.3190598247358548,-0.3507880641220033,0.6288080477603294,-0.3400922352943544,-0.332349125778695,0.6278671708109597,-0.33898766713353606,-0.33353298751853855,0.6264224727990542,-0.33820926769379794,-0.333706196461116,0.6150097301652538,-0.3492893280486124,-0.3786961264593356,0.604402640003622,-0.3539497808170375,-0.3798228314871504,0.5939448723989498,-0.35952247370641754,-0.38053364106477205,0.5899191271146694,-0.3440225740978675,-0.1899900724407093,0.548185780902732,-0.3688010626478142,-0.40080535586425053,0.5790670244945473,-0.3001847690669495,-0.27868922813450314,0.5686307645560073,-0.3099115047533466,-0.3450762736413922,0.462554889523761,-0.23462103074601656,-0.019301702812147842,0.35118646293463956,-0.3033441866571586,-0.38751291075516797,0.3383785437274891,-0.055310846361912636,0.12010223887610154,0.1697766023047136,-0.13784560384466787,-0.5745193181272858,0.3655488711909962,0.03004250703384398,0.023963953133391964,0.26298641683487956,0.0008238811741397636,-0.6617735739782336,0.3667966497787374,0.042319558090740006,0.008993970539644344,0.27080427124851786,-0.047776846594788584,-0.7068677986211959,0.39019877579600665,0.03460434612648734,-0.06593910666544014,0.3107931753983532,-0.060637909489089335,-0.6975841279153467,0.3811413295388269,0.02749043537839084,-0.005426432768901764,0.31150198005858354,-0.028868610711265025,-0.6582723938376838,0.05715727317268687,0.011289896954521114,0.15465159932252603,-0.05715727317268687,-0.011289896954521114,-0.15465159932252603,0.07986395856868941,0.23903742998321617,0.2674475382406132,-0.0019420142632932402,0.20515746300645657,-0.10053486070894646,-0.06763367154445962,0.4006163035001897,0.5045586851729098,-0.1296030082332905,0.39459415008675386,0.34512861108380105,-0.10966016777922699,0.41703811290768444,0.5258058937175805,-0.1708415566933511,0.41642406001184396,0.3974875245339621,-0.09259864355004005,0.48361535095741476,0.3598187786056135,-0.17354902926323257,0.4846111317441251,0.35008324407318536
0.6152018032126605,-0.32003273289535594,-0.35890651885136937,0.62939725581203,-0.34117249602690064,-0.3406191163208472,0.6284528391560625,-0.3401342596863969,-0.3418146222411572,0.6270273921438353,-0.33941706454998727,-0.34199177656858915,0.6151743680516835,-0.35035166829241,-0.38692876200866333,0.6042881703901833,-0.35506063152125855,-0.38806187863099706,0.5935681529097803,-0.36066545628785096,-0.388788741905428,0.589973084396063,-0.3453408756167218,-0.19771335152138073,0.54710695938304,-0.37005853537293065,-0.40851103202632455,0.5788784789073004,-0.30130035203592875,-0.2867037269946512,0.5682268441564253,-0.3110459265928936,-0.3529680155949373,0.46340799616381223,-0.23552056673636876,-0.025755221177724465,0.3500517537858699,-0.30390250420385195,-0.4002687956801711,0.3383678954083609,-0.05514663947659475,0.11294712266791201,0.16708683949128533,-0.13756880259030052,-0.5799529750685836,0.3664630302362628,0.031213528212395678,0.01497655328619097,0.26332035604971255,0.0002759898861839638,-0.7432726832219447,0.3673857219484267,0.043497440574191464,-0.0005253357564334732,0.2708743234490618,-0.040362339706209116,-0.8020313121439714,0.39081517938096183,0.0358508535241817,-0.07603930404356905,0.31236040861185393,-0.053659349172392644,-0.766764675478682,0.3817509123265562,0.028513945017179715,-0.014552685653625094,0.31280641862769415,-0.03132999009231709,-0.7329290042047039,0.05772819810702461,0.011060946993788451,0.1558266275043219,-0.05772819810702461,-0.011060946993788451,-0.1558266275043219,0.08657216484114563,0.23650813389082784,0.2612046397671645,0.00010973933548898487,0.20579506485056334,-0.10087723972132934,-0.0637892655242374,0.39938091462553016,0.3552108449983864,-0.1262904155001099,0.3945557540537265,0.33648129452051,-0.10646075849254782,0.4156841525349185,0.35413216007614934,-0.16754004880311096,0.41550613352031607,0.39086553354221965,-0.09914664875004553,0.48358804338675476,0.1073221692235654,-0.19063865324576185,0.48643404878800905,0.32467855600713
0.6164099624329668,-0.3206186964843458,-0.3660107800140561,0.6305583314245055,-0.341986599060952,-0.3478761200642341,0.6295719800254747,-0.3410568540385584,-0.3490811258963033,0.6281322754409282,-0.34044071120505226,-0.34926131930081133,0.6160116393331058,-0.3510697951387081,-0.3943151564155207,0.6048798890851311,-0.3558180637546278,-0.3954530662306205,0.5939210304358921,-0.36144050292285934,-0.3961923745827429,0.5903371782598856,-0.34657276089507205,-0.20466290951330096,0.546619463495561,-0.37100253542224926,-0.4160846926421695,0.5793050917128215,-0.30206919474078386,-0.2937995132568886,0.5685020179934456,-0.31176366944473594,-0.36013924335399267,0.4640907100544608,-0.236394002893279,-0.03129314418539145,0.3495623714009405,-0.30368306267216566,-0.42195296361970186,0.3379936511333451,-0.05479729973343274,0.10680665463397113,0.1656959296714205,-0.1358467477071324,-0.5843640805110734,0.36669647253100796,0.03332441347210964,0.0074998858404020236,0.26391233116382656,0.00237680353938316,-0.8365426898124505,0.36718113325618695,0.045906411095252696,-0.008463825523744584,0.27091487202749825,-0.02096572500111791,-0.9476430315537276,0.39059755835857807,0.03844491119302676,-0.08471716595122283,0.31375844473898473,-0.034650866338212585,-0.8700798900707388,0.38150287783611625,0.03088440255283107,-0.02223806981840823,0.31394835332806104,-0.02713194863810319,-0.8202956326097465,0.05815879762242984,0.010717179181115843,0.15728516361218028,-0.05815879762242984,-0.010717179181115843,-0.15728516361218028,0.09430318788503841,0.2337681984813503,0.2817216169976656,0.0039058880429421357,0.20700079241275005,-0.10629260698987159,-0.05926508256770477,0.3967739782950105,0.3750893067097463,-0.12145536821126911,0.3934238530686233,0.324212831031776,-0.10265788372553167,0.41279195085013665,0.3698034757696369,-0.1629477005280744,0.41315838960031476,0.3804444998159604,-0.10282740901788966,0.4815641020204264,0.14029861640744484,-0.2004049941344321,0.4866432926748833,0.3165657334367593
0.6182789381094245,-0.32082070090957493,-0.3719689458901282,0.6322660268916276,-0.34252733781526273,-0.35398544711145485,0.631202098802301,-0.34174400178676273,-0.35519777889792475,0.6297166311992116,-0.3412647502331784,-0.355379979009751,0.6174987446916335,-0.3514427101596696,-0.40071252757192827,0.6061582365861385,-0.3562210416514725,-0.40185365735818174,0.5949871383153212,-0.3618472403987707,-0.402601701396043,0.5910117993361822,-0.34769465370636043,-0.21069839377638785,0.5467263644386982,-0.37162667264638255,-0.42335556989485923,0.5803359518282466,-0.30248869759587116,-0.2998401030157042,0.5694452829338871,-0.3120670991088512,-0.3664458976098488,0.4646141260522808,-0.23722101350799285,-0.03580974700833359,0.34972814540380676,-0.3027218525982355,-0.4492748320629646,0.33729972587198676,-0.054292818881589114,0.10179493576350854,0.16559071397979835,-0.13277730578086513,-0.5876942938107256,0.3663040725957288,0.03627311323210594,0.001655317643785549,0.2647605922828755,0.007140849280957429,-0.8805047827625236,0.3662575033782298,0.04941854553088689,-0.014693272702343815,0.2709503229138742,0.005915254778699441,-1.0196722385419328,0.3896257356020182,0.042247968432029236,-0.0918178708940019,0.31499000771674934,-0.00800831816236771,-0.9294632518588833,0.38047741426967924,0.03447274746476885,-0.028352810312033357,0.31493635003366466,-0.017254685939970472,-0.8633497086859137,0.05844313243811067,0.010266362427906378,0.15899124087698951,-0.05844313243811067,-0.010266362427906378,-0.15899124087698951,0.10286282358721384,0.2308753562099987,0.3192031735211145,0.009330394912766816,0.2087406214791304,-0.11621464489118828,-0.05422122690290539,0.39288485874690776,0.5931528275372254,-0.1152997930884246,0.39123221251229107,0.3111627722527611,-0.09839381607435671,0.40845805705242666,0.6184024707210612,-0.15725587617047002,0.40943718711517246,0.36852015227645263,-0.10302436066366984,0.4776449461499918,0.5146790639011282,-0.20172983331313904,0.4852726664545211,0.33000402593850736
0.6207758561091279,-0.32064173157779413,-0.37664911475965,0.634495094507269,-0.3427875057085872,-0.35881240756510896,0.6333207008696476,-0.3421842545277522,-0.3600298616599698,0.6317599679275655,-0.34187372420855117,-0.3602129100473769,0.6196128848093794,-0.35146941492745765,-0.4059780933699067,0.6081036533908792,-0.35626852934612013,-0.4071209150858417,0.5967501098861044,-0.3618852955029132,-0.4078738846446549,0.5919973382549983,-0.34868297782402885,-0.21567945167055955,0.5474307334108554,-0.37192455689594317,-0.43015289596746753,0.5819601481707112,-0.3025562610155473,-0.304689012365587,0.5710456358445692,-0.3119585813852175,-0.3717439190537966,0.4649893390138472,-0.23798127287175602,-0.03919930481973556,0.3505589054184247,-0.3010548645181976,-0.47689541629249665,0.3363300345938306,-0.05366318867022645,0.09802606704575392,0.16675803355109858,-0.12845834339720041,-0.5898852743235111,0.36534070495092263,0.039957577911504616,-0.002435784455897913,0.26586338951251365,0.014582654258126923,-0.8557306009851403,0.3646894519907672,0.05390591975805724,-0.019085451232285867,0.2710050820382372,0.03578285689145737,-0.9693901035517508,0.387979533984445,0.047121474540195746,-0.09718659737750654,0.3160578214821519,0.02187243817932346,-0.911704945598846,0.37875470982941783,0.03914991923241698,-0.03276713218328259,0.3157789746184857,-0.0026784015892660305,-0.8426331560351812,0.058575263273275224,0.009716265645563148,0.16090889252963803,-0.058575263273275224,-0.009716265645563148,-0.16090889252963803,0.11205686783451788,0.22788733953198861,0.3638540129265093,0.01626722299866358,0.21098052783581833,-0.13007703580189442,-0.048817802757883125,0.38780292021949975,0.8148062222354095,-0.10802561685323331,0.38801459776557734,0.3001706698186273,-0.09381082813520118,0.40277902034087687,0.8742574341729847,-0.15065594003252658,0.404398884928222,0.35738821984496477,-0.09912093999748335,0.4719319950670137,0.8908377735920177,-0.19349495216577794,0.4823559731766961,0.33898888966525836
0.6238678422991712,-0.32008477389575424,-0.3799193849026862,0.6372202865653027,-0.3427598961596796,-0.3622223115277956,0.63590529161062,-0.342366163858269,-0.3634426545963865,0.6342417941348693,-0.34225217570535593,-0.36362526676565754,0.6223312603684565,-0.3511489110142355,-0.4099690717014767,0.6106965799970264,-0.3559594909728981,-0.4111121024857617,0.5991935784862781,-0.3615542950226151,-0.41186608662790475,0.5932941856463794,-0.3495141570215195,-0.21946573055573404,0.5487356416104363,-0.37188979802154365,-0.43630590304306827,0.5841667696573513,-0.3022692854141687,-0.3082097574010261,0.5732920735923116,-0.31144048207381236,-0.3758892483771267,0.46522744379573455,-0.2386544552758143,-0.041356092792782094,0.35206448106875005,-0.29871808896818797,-0.4999945940704943,0.3351284922684217,-0.05293840084850729,0.09561414946993693,0.16918472952000074,-0.12298772714183989,-0.5908786814054008,0.3638612441170869,0.044275757929425785,-0.004652053610887878,0.26721897295839503,0.024650330201632258,-0.8063102898447786,0.36255159877001114,0.05924060965372696,-0.021512135053625515,0.27110355533063435,0.06487603984421164,-0.8927865619541965,0.3857387763790215,0.05292687881653299,-0.10066913251644398,0.3169646099721962,0.05130820193265427,-0.8676333061389798,0.3764149527175048,0.04478685733519945,-0.03535126048093811,0.31648479295650467,0.015662596220502083,-0.797586875529565,0.05854925084713168,0.00907465774548924,0.1630021518010142,-0.05854925084713168,-0.00907465774548924,-0.1630021518010142,0.12169111651379652,0.22486188090253534,0.40746042150831685,0.02460033535433303,0.2136864872689278,-0.14724659582645155,-0.04321491436068174,0.3816175269510639,0.8421870191880089,-0.09983476622735181,0.38380477420932924,0.29351292902230824,-0.08905119250424332,0.3958513899145756,0.8960047003169517,-0.14333925641647283,0.39809984190279574,0.34898166656954693,-0.09077150660701216,0.4645266680630545,0.8895637744377782,-0.17510656958616638,0.477927015891182,0.32014036661313794
0.6275220225466487,-0.3191528132702058,-0.38164785459930134,0.6404163553596005,-0.3424373025872945,-0.36408046910211417,0.6389333764083238,-0.34227828137505534,-0.36530143812112315,0.6371416183300027,-0.3423846472977782,-0.3654822035165616,0.6256310720509778,-0.3504801999921662,-0.41254268045865883,0.6139174569022535,-0.35529289066613357,-0.41368448263010255,0.6023011774538785,-0.36085386574520445,-0.41443546964511907,0.5949027321403705,-0.35016461507227414,-0.2219168777918293,0.5506441602358444,-0.37151600587379663,-0.4416438233047352,0.5869449052053024,-0.3016251712060919,-0.31026585421651015,0.5761735930439335,-0.31051516697461373,-0.3787378262711296,0.46533953525451754,-0.23922023501141323,-0.04217438610065794,0.3542547019787385,-0.2957475164843428,-0.5178760952844553,0.3337390138653047,-0.05214844716559419,0.09467328402528725,0.17285764302118428,-0.11646332360048521,-0.5906161744123654,0.36192056461471883,0.04912560370498944,-0.004872122973423862,0.26882559272617385,0.03702632717629593,-0.7471079087692648,0.35991856339217343,0.06529469109485922,-0.02184509810641745,0.27127014872111294,0.09238056713938345,-0.8178680510214492,0.3829832856589104,0.05952563056004753,-0.10211369786194899,0.31771309712388635,0.0794663980298654,-0.8142835392688357,0.37353833113611246,0.05125450125254015,-0.03597542025378205,0.317062370921702,0.037017564887182,-0.741947790863113,0.058359155878888146,0.008349307639087748,0.16523505192200647,-0.058359155878888146,-0.008349307639087748,-0.16523505192200647,0.13157136551189574,0.22185671277685426,0.44813501638288106,0.0342136950334757,0.21682447556457268,-0.16682267598070732,-0.03757266593934507,0.37441804317987776,0.7429936151878012,-0.09092916793243694,0.378636507224394,0.2912133697878241,-0.08425718177766137,0.38777171497261087,0.7661744704978417,-0.13549718962453752,0.3905964169022262,0.3437823970053766,-0.07871411319027612,0.45553038442967664,0.663132767050296,-0.14806865450780876,0.4720195976477522,0.2908406355747867
0.6317055227186547,-0.31784883510789974,-0.3817026221295603,0.6440580531840355,-0.34181251841018623,-0.3642521903906641,0.6423824606458649,-0.34190915867485366,-0.36547149264812784,0.6404389490218452,-0.3422556815600037,-0.365648874652058,0.6294895205390563,-0.34946228343341296,-0.4135561375334741,0.6177467246042345,-0.3542676925601542,-0.4146953185910258,0.6060565401269422,-0.3597836344580097,-0.4154391959956245,0.5968233683670172,-0.3506107757497352,-0.22289254073876363,0.5531593604854838,-0.3707967903033148,-0.44599588893554243,0.5902836437317007,-0.30062131880567344,-0.31072081890652853,0.5796791910662545,-0.3091850018875996,-0.3801455934270963,0.4653367082467708,-0.23965828636979875,-0.041548459916547834,0.357139397772346,-0.29217913760279807,-0.5308746128532033,0.33220551435402496,-0.05132331937064971,0.0953175717010346,0.17776361518932887,-0.10898299935883812,-0.5890394127003755,0.35957354096431593,0.05440506565731574,-0.0029746256957453587,0.2706814989215043,0.05132667983046108,-0.6815281379831516,0.35686496553346614,0.07194023995841728,-0.019956114330716493,0.2715292681397204,0.11821890352823528,-0.7459025390814749,0.37979288469727474,0.06677917906974612,-0.10136912357426332,0.3183060068742264,0.10622710782480933,-0.754700978893853,0.3702050332874138,0.05842379046386312,-0.03450983655059664,0.31752027438805847,0.060681653206460885,-0.6791864140315771,0.05799903908775281,0.007547984237761768,0.1675716261235033,-0.05799903908775281,-0.007547984237761768,-0.1675716261235033,0.14150341071566172,0.21892956761016089,0.48557199737201423,0.0449912650897922,0.22036046850886698,-0.18783776100835586,-0.03205116172191686,0.36629383314421904,0.6522981254051337,-0.08151074869014532,0.3725435621916191,0.2927326656969664,-0.07957106855163361,0.37863654471407115,0.6503312583252427,-0.1273211039589493,0.3819449687898463,0.3419095508344123,-0.06395773572287966,0.44504456345844284,0.5019469578392399,-0.1144096133741312,0.46466752149618057,0.27866240954197347
0.6363854686822832,-0.31617582481558665,-0.37995178577352734,0.6481201323324801,-0.34087833704710907,-0.36260278549604474,0.6462300497063488,-0.3412473473544061,-0.36381809859134884,0.6441132947192765,-0.34184982106621764,-0.3639904345241151,0.6338838065148047,-0.34809416291013895,-0.412866660817943,0.6221648236006425,-0.3528828607892874,-0.4140018734406921,0.6104432998435059,-0.3583432279483588,-0.41473442797874727,0.5990564849563648,-0.3508290628273445,-0.22225236675645493,0.5562843135577576,-0.3697257611607108,-0.4491913321185636,0.594172074153682,-0.29925512862726983,-0.30943816756557,0.583797864526094,-0.30745235261274756,-0.37996849053631754,0.4652300576290691,-0.23994828364221638,-0.03937258941363649,0.3607283980735283,-0.2880489428596899,-0.5393248396955611,0.3305719087041271,-0.05049300921283639,0.09766111348640855,0.18388948715911407,-0.10064462100260023,-0.5860900556254023,0.3568750476863754,0.06001209420552471,0.0011618050699081228,0.2727849416500403,0.06716742281247072,-0.6129756577109908,0.353465424870101,0.07904933212136431,-0.015716957666577394,0.27190531951650393,0.1423135137620297,-0.6781579944622387,0.3762473963672772,0.07454897364463539,-0.09828423981362856,0.31874606316022014,0.1314704126713387,-0.6919309589194717,0.3664952473735812,0.06616566444859227,-0.03082473442016398,0.31786706922955454,0.08595000997402598,-0.6127732570307094,0.05746296119293379,0.006678456452914386,0.1699759076363931,-0.05746296119293379,-0.006678456452914386,-0.1699759076363931,0.15129304801194032,0.21613817785767053,0.5194655642975295,0.056817008576983095,0.2242604418879245,-0.2093243356530912,-0.026810505936440885,0.35733426108236505,0.6688393005366204,-0.07178143522213376,0.36555970449185166,0.29753149033152715,-0.07513512542233824,0.3685424283380444,0.6690140965072279,-0.11900236372193691,0.3722018564289883,0.3434822677386131,-0.04751135018042723,0.43317062444091553,0.6054494695979687,-0.07615785262856022,0.4559045904862405,0.3037804854726708
0.6415289863046282,-0.31413676780001726,-0.37626344381126714,0.6525773450988064,-0.3396275519168173,-0.35899756452085513,0.6504536489728808,-0.34028139901045484,-0.36020653636473393,0.6481441639311756,-0.34115160839060543,-0.36037203748470154,0.6387911306603358,-0.3463748399945071,-0.4103314682040859,0.6271521943891508,-0.3511373594878601,-0.4114614102512626,0.6154450899416054,-0.3565322730035799,-0.4121783278938136,0.6016024725384581,-0.350795900078544,-0.21985600320482113,0.5600220906510698,-0.368296528296597,-0.4510593850368724,0.5985992853883817,-0.2975240010852374,-0.3062814162881234,0.5885186102902707,-0.30531958495003536,-0.37806245829008345,0.4650306782579867,-0.24006990111991183,-0.03554104976510861,0.365031532506241,-0.2833929227911542,-0.5435614687303525,0.328882111885156,-0.049687508441316766,0.10181801037063884,0.19122210006521928,-0.09154605511747319,-0.5817097625434159,0.3538799593013944,0.06584463976873636,0.007658536171297081,0.2751341710174362,0.08416459077066787,-0.5448551481773352,0.3497945610782899,0.08649404346066344,-0.00899940205405482,0.2724227087815107,0.16458686259202918,-0.615902385491707,0.3724266435420805,0.08269646358372193,-0.09270787674028641,0.3190359899188716,0.15507639392330588,-0.6290188132511317,0.362489161596787,0.07435106268615149,-0.024790338911266238,0.31811132132017067,0.11211778398556443,-0.5461788318562623,0.05674498291363919,0.005748493195948692,0.1724119296915642,-0.05674498291363919,-0.005748493195948692,-0.1724119296915642,0.16074607328757745,0.21354027597459854,0.5495099169812393,0.06957488854874894,0.22849037148785906,-0.23031488465860753,-0.02201080281096099,0.3476286912325933,0.7460224333839456,-0.06194315425005892,0.3577186995059387,0.3050705172732979,-0.07109162498595348,0.3575859150436189,0.7626600941458133,-0.11073233321572905,0.36142343868298477,0.3486196873999378,-0.030383932538523208,0.4200099866686571,0.8092470906546058,-0.035341778714521925,0.4457646076677055,0.3567779961896652
0.6471032014527843,-0.3117346494679423,-0.3705056945228443,0.6574044437768872,-0.33805295643806543,-0.353301837567695,0.6550307638285672,-0.33899986523974224,-0.35450208638223174,0.6525110651664225,-0.34014558610735274,-0.354658837885786,0.6441886936577625,-0.3443033162586807,-0.40580777758392395,0.6326892774674331,-0.34903015279020017,-0.40693119209489836,0.6210455437592777,-0.3543503964110013,-0.40762805804015023,0.6044617217433431,-0.3504877112767759,-0.2155630974437804,0.564375762963824,-0.36650270156158615,-0.4514292798735428,0.6035543663529359,-0.2954253365939329,-0.3011140811686779,0.593830425225605,-0.30278906469944095,-0.3742834373796853,0.4647496649900987,-0.24000281309413085,-0.029948116144148954,0.37005863069444,-0.27824706793332715,-0.5439191928764006,0.3271800388666567,-0.04893680880525342,0.10790236334295511,0.19974829504232416,-0.08178516828915869,-0.5758401928103876,0.35064315032987037,0.07180065276607087,0.016636934456182,0.27772743712934606,0.10193421835339567,-0.4805712896067374,0.34592699383424486,0.09414644985327797,0.000324778566796427,0.2731058418647882,0.1849614147694963,-0.5604036804978461,0.3684104490948479,0.09108309818601248,-0.08448886451447857,0.31917851108718476,0.17692513293456358,-0.5690098757942733,0.3582669641592042,0.08285092465596486,-0.016276875072685548,0.3182615965338876,0.13848012403676344,-0.4828736505039883,0.05583916496907722,0.004765863378267779,0.17484372551990507,-0.05583916496907722,-0.004765863378267779,-0.17484372551990507,0.16966828242941934,0.21119359441616037,0.5753992552449565,0.08314886805879035,0.23301623309478475,-0.24984189276859897,-0.017812156573520917,0.3372664878331814,0.8151229994354393,-0.05219783249557753,0.3490543126147278,0.31481042010407057,-0.06758283983865762,0.34586355402988295,0.8444123172085308,-0.10270237674255445,0.3496660744151685,0.35744094950034533,-0.013584458772772047,0.40566406943323,0.9133123132680012,0.006010201924557271,0.4342813760903492,0.4223528240396327
0.6530752399938456,-0.3089724552261127,-0.3625466361883237,0.6625761806605954,-0.3361473440296078,-0.34538091473916355,0.6599388996565132,-0.33739129763901055,-0.34657002905779016,0.657193506933897,-0.3388162967906452,-0.3467159900793373,0.6500536961891983,-0.34187859327482306,-0.3991528068494778,0.638756513333163,-0.3465602048306349,-0.40026848204376086,0.6272282946345593,-0.35179722495795124,-0.40094078071708356,0.607634623201065,-0.34988092019548234,-0.2092332968332509,0.5693484016944237,-0.3643378908062911,-0.4501302488116488,0.6090264059644803,-0.2929565355677128,-0.29379967830172243,0.5997223061989159,-0.29986315766094224,-0.36848736849641367,0.4643981126819796,-0.23972669385611922,-0.022488063723942256,0.3758195222620812,-0.27264736882234497,-0.5407327050525285,0.32550960461817413,-0.0482709020538089,0.11602827339258706,0.20945491322510826,-0.07145982710335842,-0.568423005782288,0.34721949529230084,0.07777808361664822,0.028218366772323367,0.2805629900914241,0.1200923402089971,-0.42352876222374963,0.34193734281417787,0.10187862717617108,0.012383810255921585,0.2739791246963837,0.20335963504569357,-0.5129298478086213,0.3642786358987421,0.09957032675051364,-0.07347603329644663,0.31917635060216365,0.19689671105896428,-0.5149494804543359,0.3539088432630053,0.09153618983745626,-0.0051545679532041255,0.31832646074468585,0.16433217892331023,-0.4263282249696394,0.054739568078455994,0.003738335911274742,0.1772353283523042,-0.054739568078455994,-0.003738335911274742,-0.1772353283523042,0.17786547132431185,0.20915586563757144,0.5968277789104937,0.09742291016080787,0.23780400249481548,-0.2669378447267597,-0.014374671452164492,0.3263370151224071,0.8642306628209462,-0.04274739668034638,0.33960030919906625,0.3262118724056368,-0.06475104257662889,0.33347189449592485,0.8983395827310329,-0.0951038586046419,0.336986122488872,0.3700651937217948,0.0018780951412218257,0.3902342920261972,0.9389167798851504,0.04586968284525119,0.42148869880394546,0.49125351359999264
0.6594122277949064,-0.30585317048127897,-0.35225436708776964,0.6680673080438031,-0.33390350811019864,-0.33510010613786007,0.6651555618398248,-0.335444247805002,-0.33627564480535743,0.6621709977424785,-0.337148283014668,-0.3364086484173241,0.6563633389367556,-0.33909967261509716,-0.3902237738927679,0.6453343424840138,-0.3437264797434916,-0.3913305431700108,0.6339769759054863,-0.3488723854317578,-0.3919736582239398,0.6111215675416688,-0.3489519506081052,-0.20072624873315048,0.5749430780412728,-0.3617957058813241,-0.4469915240342641,0.615004493140151,-0.2901149984209335,-0.2842017237817459,0.6061832500770227,-0.29654422963451693,-0.3605301923315592,0.46398711619020416,-0.23922121769712257,-0.013055167677673216,0.3823240368331203,-0.26662981599434343,-0.5343366981775599,0.32391472410925315,-0.04771977993614575,0.12630984150876434,0.22032879574825115,-0.060667898145774,-0.5593998608150879,0.3436638687091829,0.08367488273958854,0.04252419996748173,0.28363908000932436,0.13825499098581523,-0.3771322462529245,0.3379002276943007,0.10956265130630594,0.027305919073265947,0.2750669632063444,0.21970398817188344,-0.47474885575199893,0.3601110268269258,0.10801959857623211,-0.05951821324643234,0.31903223240081224,0.2148712096503604,-0.46988296113675976,0.34949498711036286,0.10027779771004965,0.008706357398395925,0.318314479826546,0.1889690974408919,-0.380013067248968,0.05344025296098366,0.0026736797063726656,0.17955077141964992,-0.05344025296098366,-0.0026736797063726656,-0.17955077141964992,0.1851434358591011,0.20748482209404706,0.6134896877996634,0.11228097790850211,0.2428196554740651,-0.28063522527678364,-0.011858451674935485,0.31492963733854756,0.8956386348306903,-0.0337937735260221,0.3293904546398011,0.3387355477597883,-0.06273850579604554,0.32050748564083265,0.9272184515313514,-0.08812814310422003,0.32343994176742774,0.3866115597462447,0.014994753227854037,0.37382207373912074,0.949660878896171,0.08220825760413347,0.4074203788582676,0.5557412750058506
0.6660812907230604,-0.3023797806401919,-0.33949698550124674,0.6738525782203828,-0.3313142420985924,-0.32232472186638395,0.6706582557616072,-0.33314726733445876,-0.3234842140388816,0.6674230461010461,-0.3351260873536066,-0.3236019672517147,0.6630948225825473,-0.335965555851666,-0.37887789660581495,0.6524032054176588,-0.3405279416630976,-0.37997463854580926,0.6412752209100951,-0.3455755046197492,-0.38058385286004554,0.6149229453952001,-0.3476772262880865,-0.18990160050339727,0.5811628632027748,-0.3588697566372979,-0.4418423377244626,0.6214777167970833,-0.2868981255679516,-0.27218373370323723,0.6132022537267448,-0.29283464642014273,-0.3502678495764124,0.4635277703713466,-0.2384660589083865,-0.0015437031785266037,0.389582004031513,-0.26023039998545877,-0.525065865170318,0.3224393123094386,-0.0473134342014265,0.1388611686807166,0.23235678374643232,-0.04950724800210714,-0.548712417264758,0.34003114510101395,0.08938900055401183,0.05967580088941751,0.28695395698870096,0.1560382053321931,-0.3447864219188145,0.33389026815082523,0.11707059812064574,0.045219331078774724,0.27639376332471755,0.23391693889932857,-0.4471286726559449,0.355987444752562,0.11629236296217446,-0.04246423452467732,0.3187488804201344,0.23072871006260462,-0.4368556517469848,0.3451055839034495,0.10894668775316894,0.02543567593333239,0.3182342196534485,0.21168602838519573,-0.34739868933772644,0.05193528033586834,0.0015796636749646448,0.18175408795283066,-0.05193528033586834,-0.0015796636749646448,-0.18175408795283066,0.19130797192063298,0.2062381962408027,0.6250791817342789,0.12760703435557358,0.24802916781864742,-0.2899665191623651,-0.010423601469877683,0.3031337187198805,0.9116401267548949,-0.025538889754261454,0.3184585143177797,0.3518421197483168,-0.06168750209308575,0.3070668766636945,0.9377307084889137,-0.0819665945435176,0.30908389111416834,0.40719918725565435,0.02475653951152014,0.35652883386356327,0.9571608322755241,0.1129975197577779,0.3921102193030892,0.6080773183923118
0.6730495546454025,-0.29855527110960217,-0.3241425897088196,0.679906743484207,-0.3283723394135433,-0.3069200720273344,0.6764244868049663,-0.3304889078241232,-0.30806101717231094,0.6729291605184797,-0.33273425238164667,-0.3081611009344779,0.6702253478086861,-0.33247524455669286,-0.36497239288063976,0.6599435426317717,-0.33696355472378037,-0.3660580312433175,0.6491066629864224,-0.3419062093092534,-0.366628526924727,0.6190391473917041,-0.3460331710088683,-0.17661899950390927,0.5880108283773333,-0.3555536529248251,-0.43451192206531797,0.6284351658524132,-0.2833033174231235,-0.2576092241606855,0.6207683140149016,-0.2887367738177975,-0.3375562809222642,0.4630311700819819,-0.23744089178115685,0.012152054600312906,0.39760325348121506,-0.25348511133182694,-0.5132548989496258,0.3211272841882755,-0.04708185659881373,0.15379635589767357,0.24552571835433132,-0.038075743258059444,-0.5363023344872689,0.3363761989882912,0.0948183874790382,0.0797945363858913,0.2905058711352081,0.17305801789647376,-0.32850332734835047,0.3299820838599634,0.12427454349615372,0.06625227233239321,0.2779839309815505,0.24592095197929137,-0.4305686931298833,0.35198771254881345,0.12425006920734745,-0.022162927291423253,0.3183290185971341,0.24434929364954944,-0.4176998472373758,0.3408208218444376,0.11741379944623817,0.04516316260282316,0.3180942460993739,0.23177812055190888,-0.33056567138360804,0.050218710922318194,0.00046405672845376954,0.18380931118273486,-0.050218710922318194,-0.00046405672845376954,-0.18380931118273486,0.19616487539575356,0.20547372053305363,0.6312904605361521,0.1432850425557229,0.2533985153146765,-0.2941371089720742,-0.01023022506503488,0.29103862350468335,0.9144464605933549,-0.018184672086721157,0.30683825361384925,0.36499226195301415,-0.0617403040639278,0.29324661676359876,0.9364733067967558,-0.07681057722476328,0.2939743293924264,0.43146096948718066,0.030154478016615693,0.3384559916910872,0.9602269286819156,0.1362090628627582,0.3755920231881839,0.6425077614677818
0.6802841454290263,-0.29438262729626063,-0.3060592779905529,0.6862045561291485,-0.3250705934738059,-0.288751466723311,0.6824317603530079,-0.3274577208707375,-0.28987133461959363,0.678668849503659,-0.32995732067297356,-0.28995120381758255,0.6777321152972857,-0.32862774030234104,-0.348364480609263,0.667935794624026,-0.33303228305986726,-0.34943798433469647,0.6574549354725048,-0.337864126287599,-0.34996484271731093,0.623470564161226,-0.3439962085438928,-0.1607380930946046,0.5954900447633522,-0.35184100459451834,-0.42482950923990415,0.6358659292232769,-0.2793279744008058,-0.24034171124857964,0.6288704278083128,-0.28425297762745927,-0.32225142706040527,0.4625084101786849,-0.2361253906066793,0.02813783048566057,0.4063976148061825,-0.24642994056958412,-0.49923849243430696,0.3200225547153088,-0.047055038877469986,0.1712295041488649,0.2598224407066278,-0.02647125049933264,-0.5221112718385917,0.33275390489151213,0.09986099393378775,0.10300177330466354,0.29429307255449993,0.18893046332700025,-0.3247244322779772,0.3262502944979272,0.13104656330979306,0.09053296889406663,0.2798618721068905,0.25563849216303436,-0.42249401690907173,0.34819165308884314,0.13175416661075767,0.0015368782930881841,0.31777537086881547,0.25561304176504723,-0.40939568674799764,0.33672088913550013,0.12555007226868123,0.06801859235808608,0.317903125038303,0.24854052273671848,-0.3260348661420706,0.04828460543954137,-0.0006653722217568698,0.18568047434025092,-0.04828460543954137,0.0006653722217568698,-0.18568047434025092,0.1995199421713089,0.20524912742601542,0.6318177240270961,0.15919896556265073,0.25889367374826616,-0.2930439686739854,-0.01143842668845086,0.2787337159312338,0.9059414011841467,-0.011933047245057933,0.2945634379088571,0.37764664795567193,-0.06303918430474996,0.2791432551396337,0.9257986488409533,-0.07285145545018584,0.27816761546553453,0.4570848138987747,0.030179592767536366,0.3197049665132553,0.9584298899266861,0.14981448047564813,0.35789959356332535,0.6612183522338627
0.6877521889410263,-0.28986483460691786,-0.2851151486265111,0.6927207684490796,-0.3214017976981344,-0.26768421605691284,0.6886575817888373,-0.3240422580710439,-0.26878044679467766,0.6846216215654635,-0.3267798348017728,-0.26883743025299706,0.6855923257304581,-0.3244220446607734,-0.3289113776837052,0.6763604018920949,-0.32873309080568563,-0.32997176089210734,0.6663036717063782,-0.3334488823421138,-0.3304499625371234,0.6282175863338114,-0.34154276266660183,-0.1421185286354013,0.6036035835592347,-0.34772542149699015,-0.412624331431295,0.6437590958268096,-0.27496949691535494,-0.22024471106140864,0.6374975919737973,-0.2793856236491056,-0.3042092286821262,0.4619705855180298,-0.23449922967619952,0.0465193493043316,0.4159749176303708,-0.2391008782348663,-0.4833513385431849,0.3191690388600833,-0.047262972786557805,0.19127471442352018,0.2752337919380012,-0.014791636311628373,-0.506080888674697,0.32921913733117397,0.10441477033738049,0.12941887849349468,0.2983138113522305,0.20327157627211567,-0.32849856434651753,0.3227695197409284,0.13725873343852693,0.11818964682374025,0.28205199263078495,0.2629920242018202,-0.41956117001022575,0.3446790892458138,0.13866610447141176,0.028786352068615365,0.3170906611721822,0.2644000357629508,-0.4077102704658397,0.33288597397880937,0.1332264456999221,0.09413174015033897,0.3176694223442161,0.26126838373531186,-0.328937194520513,0.04612702460674599,-0.0018008542642641802,0.18733161065626724,-0.04612702460674599,0.0018008542642641802,-0.18733161065626724,0.20117896813414488,0.2056221493749033,0.626355172028924,0.17523276643005745,0.2644806189055303,-0.28675697008104906,-0.014208310568169426,0.26630836023780924,0.8879268240749184,-0.006985941950928503,0.28166783258365036,0.3892659513380822,-0.06572641541173041,0.26485334099088736,0.9069979993058412,-0.07028059352201399,0.26172010819682523,0.4812723815035851,0.023822907788677627,0.30037717762162985,0.951530546109334,0.15178536615302124,0.339066733478287,0.6683797462654572
0.6954208110484967,-0.28500487844832467,-0.261178299896759,0.6994301327378728,-0.3173587455052832,-0.24358363013073947,0.6950794564955604,-0.3202310710217847,-0.24465363411151136,0.6907669852127725,-0.3231863373422299,-0.2446849345926902,0.6937831797903169,-0.31985715920415325,-0.30647030199598724,0.6851978049336522,-0.32406494209556297,-0.3075166239877112,0.6756365050260794,-0.3286601042601262,-0.30794104868349104,0.6332806045395054,-0.3386492571504376,-0.12061995348621736,0.612354515963385,-0.3432005134828533,-0.39772562082256435,0.6521037545801472,-0.2702252853811275,-0.1971817396936614,0.6466388033781749,-0.27413707768271434,-0.2832856264787178,0.46142879095659156,-0.2325420832809632,0.06740233588314136,0.426344991577736,-0.2315339148638096,-0.46592813019508256,0.31861065159214397,-0.04773565007523976,0.21404608771086917,0.2917466131831311,-0.0031347672806483137,-0.48815284435155554,0.3258267708277741,0.10837766710893651,0.15916721880014523,0.30256633763405405,0.21569739138016308,-0.3348745511927948,0.31961437926517894,0.1427831297593186,0.14935053218135924,0.284578698483281,0.2679040128469113,-0.4184266784500612,0.34152984389288843,0.14484733208831643,0.05973666387491654,0.31627761344423866,0.2705903569971125,-0.40841069857789186,0.32939626457653814,0.14031385921938472,0.12363238093079962,0.31740170389109384,0.2692568523433761,-0.3344035774263342,0.04374002914314022,-0.0029346204876650713,0.18872675336167227,-0.04374002914314022,0.0029346204876650713,-0.18872675336167227,0.20094774917110758,0.2066505188349328,0.6145970043634478,0.1912704082116438,0.2701253265725829,-0.2753459850062157,-0.018699980932234357,0.2538519206626873,0.8622046048133172,-0.0035452829259895943,0.2681852030190765,0.39931084568203634,-0.06994426998104743,0.25047342351644813,0.8813626228757546,-0.06928935574247644,0.24468816644963112,0.5012253333147612,0.010075447104435128,0.28057404430777344,0.9392897273293577,0.14009331345145137,0.31912724598284253,0.668162599137467
0.7032571376185315,-0.2798057442272318,-0.23411683008136105,0.7063074012894008,-0.3129342303140066,-0.21631501904739006,0.7016748898562826,-0.3160127113197022,-0.21735617698404272,0.6970844489544656,-0.3191613708685302,-0.2173588711886305,0.7022818781589745,-0.3149320855046437,-0.2808984714381296,0.6944284442463711,-0.3190268010638265,-0.281929836693669,0.6854370687696447,-0.3234974188289643,-0.28229526345574013,0.6386600094083534,-0.335292115768842,-0.09610201500697085,0.6217459131742062,-0.33825989040272014,-0.37996260959678596,0.6608889944004258,-0.2650927402124799,-0.1710163132398269,0.6562830588882648,-0.2685097055282634,-0.2593365611414706,0.46089412135094465,-0.23023362571221606,0.09089251504890503,0.43751766627223365,-0.22376504099254993,-0.44730356030882346,0.31839130788103565,-0.04850306249267839,0.23965772500014149,0.30934774557669703,0.008401490007905882,-0.46826879822513806,0.32263167990180974,0.11164763466757585,0.19236816107237575,0.30704890150562464,0.22582394329948552,-0.338901220455632,0.3168594927468908,0.1474918281491312,0.18414385102686898,0.287466395594426,0.27029692284957013,-0.4157470682452938,0.33882373990322967,0.1501592987604783,0.09453898355175014,0.31533895162198844,0.2740640868213849,-0.40726407127114367,0.32633194913085894,0.14668325230649304,0.156650289650686,0.31710853555291685,0.27180107735659836,-0.33756493576693314,0.04111767976793218,-0.0040589019805564504,0.1898299356873544,-0.04111767976793218,0.0040589019805564504,-0.1898299356873544,0.19863208116904302,0.2083919682613192,0.5962374208524805,0.20719585396111023,0.2757937725355379,-0.2588808852624358,-0.025073542008689456,0.24145376144414543,0.8305766189469904,-0.0018129968918979295,0.25414931459598256,0.4072420045693262,-0.07583502060887924,0.2361000519154041,0.8501837842350285,-0.07006910641380192,0.22712814908728474,0.5141453303454521,-0.012071765260795606,0.26039698586324855,0.9214682636862561,0.11270991592751232,0.2981149341267655,0.6647375664247946
0.7112282945182253,-0.2742704173503901,-0.203798837460382,0.7133273263975359,-0.308121045543059,-0.18574369290946416,0.7084213872541101,-0.31137573056153867,-0.1867533558262201,0.7035535212994228,-0.31468947795485935,-0.1867243943927868,0.7110656215185442,-0.30964582513440786,-0.2520531039021533,0.7040327603279253,-0.31361763184480385,-0.253068662082142,0.695688996275111,-0.31796045283595636,-0.25336976915319726,0.6443561915704008,-0.3314477622952573,-0.06842436055757987,0.6317808463901026,-0.3328971621072036,-0.35916452993703385,0.6701039042047812,-0.2595692618237688,-0.1416119477943942,0.6664193553708866,-0.26250587298573064,-0.2322179733616755,0.4603776715576639,-0.2275535312612039,0.11709561162843798,0.4495027713378198,-0.21583024715722357,-0.4278123218032309,0.3185549226963034,-0.04959520178803625,0.2682237272805669,0.3280240302533787,0.019719268968332548,-0.4463704096514155,0.3196887390737784,0.11412262343241866,0.22914307215794671,0.3117597530725965,0.23326726667842596,-0.33562739977385214,0.31457947986227586,0.15125690448492798,0.22269782942021468,0.29073948989426734,0.2700932189610593,-0.4081788654126393,0.3366406001500007,0.15446345378690404,0.1333444809388744,0.3142773996424358,0.27470130658962044,-0.4000374887325848,0.3237732158439444,0.15220556444067102,0.1933152412612158,0.31679848320366566,0.26819620757066587,-0.33355219044970874,0.038254037200330035,-0.005165929831535231,0.19060519086420213,-0.038254037200330035,0.005165929831535231,-0.19060519086420213,0.19403776001479722,0.210904230109278,0.5709706213178349,0.2228930667321575,0.2814519325805091,-0.2374315426626598,-0.03348909802557849,0.22920324682046128,0.7948447420235859,-0.001991010570310217,0.239593932695216,0.41252010158174357,-0.08354093989140411,0.2218297753868436,0.8147527480679979,-0.07281120983821913,0.2090964149731188,0.5172340336088066,-0.0436277052826189,0.2399474215796178,0.8978269852795274,0.06760676713777773,0.27606360095982957,0.6622753037023422
0.7193014076146718,-0.26840188322455,-0.17009242031388624,0.7204646603561508,-0.3029119846111948,-0.1517349618195609,0.7152964540721478,-0.30630868034403613,-0.1527104510519915,0.7101537107565232,-0.30975520117540273,-0.15264665855712756,0.7201116105511385,-0.3039973796656089,-0.2197914172800786,0.713991193675988,-0.3078363985728222,-0.22079036322529122,0.7063759208805143,-0.3120488330684304,-0.2210217280751887,0.6503695416556928,-0.3270926205031253,-0.03744663749796243,0.6424623868094773,-0.327105938446916,-0.3351606140263817,0.6797375729103488,-0.25365225062935054,-0.1088321594518522,0.6770366896928594,-0.25612794585509363,-0.20178580383062306,0.4598905364333238,-0.22448147421917225,0.14611735044855537,0.4623101363984499,-0.2077655238939664,-0.40778910759712805,0.31914541100749205,-0.05104205971047588,0.2998581955413749,0.3477623083478554,0.030720703014930004,-0.4223993379863584,0.31705282286417724,0.1157005838225849,0.26961331890461854,0.31669714244062364,0.23764339616532754,-0.32010191678627853,0.312848960287546,0.1539504346436721,0.2651406934213415,0.2944223873128521,0.26721536593264134,-0.3923785959688135,0.335060247506364,0.15762124646660028,0.17630432587604766,0.3130956814425845,0.27238209765567184,-0.38249805114920504,0.32180025291796704,0.1567517351013426,0.23375701071360697,0.3164801127173208,0.25773739178126587,-0.3174962623820599,0.03514316215954191,-0.006247935129198316,0.19101655212310376,-0.03514316215954191,0.006247935129198316,-0.19101655212310376,0.18697058159521612,0.21424503683402446,0.5384908055813236,0.23824600957848596,0.2870657824936104,-0.21106782901983823,-0.04410675321094527,0.21718974102991226,0.7568108495907513,-0.004281250682883186,0.2245528226976239,0.41460581030108024,-0.09320430042480024,0.2077591431298547,0.776360779058998,-0.0777070303179568,0.1906493229704657,0.5076931041179742,-0.08560134893663925,0.21932677074844353,0.8681267222086707,0.002755460638821261,0.25300704953180814,0.6649464665450119
0.7274436027749656,-0.2622031272564625,-0.1328656769219385,0.727694155459118,-0.29729984093716827,-0.11415413588027967,0.7222775956935021,-0.3008001122639371,-0.11509274307530507,0.7168645258346465,-0.3043430831043459,-0.11499081803362149,0.7293970459388707,-0.29798575067041,-0.18397062946392642,0.7242841847882329,-0.301682065382209,-0.1849522031952777,0.717481475923891,-0.3057621863137148,-0.18510830252104093,0.6567004502942749,-0.3222031141658882,-0.003028493188036538,0.6537936056307343,-0.32087982927247016,-0.3077800940479034,0.6897790894342649,-0.24733910704358175,-0.07254046430668984,0.6881240587210029,-0.24937828993633043,-0.16789599323960405,0.4594438108344991,-0.22099712887736694,0.17806345633607257,0.4759495910780801,-0.19960686173891462,-0.38756861060933856,0.32020668778414657,-0.05287362800915986,0.3346752307717954,0.3685494209948069,0.0413079255619966,-0.39629724258593774,0.31477880579350365,0.11627946625719474,0.3139002681601519,0.3218593197153603,0.23856836640853327,-0.28737359913173405,0.3117425536989132,0.1554444945023268,0.3116006690901949,0.29853949378022765,0.26158582851557877,-0.36500278593053204,0.3341625048454827,0.1594941260985737,0.22356968820302836,0.3117965209594386,0.26698654137339156,-0.3504128587079938,0.3204932485550996,0.1601927037679318,0.27810537295907733,0.31616198996786293,0.2397197787840855,-0.2845280724713855,0.03177911536477596,-0.007297148962142619,0.19102805269494777,-0.03177911536477596,0.007297148962142619,-0.19102805269494777,0.1772363417971458,0.2184721208907741,0.4984921734647593,0.2531386455537964,0.29260129806095586,-0.17985961614692142,-0.057086611792833586,0.20550260831077594,0.7182768171961337,-0.008885643951273567,0.20905974998405363,0.41295980430912793,-0.10496737480524591,0.19398470434352574,0.7362991418923639,-0.08494793215524366,0.17184323194265808,0.4827242028861035,-0.1390016721984611,0.19863645266128838,0.8321283045731842,-0.08387241001278335,0.22897908289247498,0.6769217105277057
0.7356220058662005,-0.25567713485287813,-0.09198670556460334,0.7349905640003097,-0.2912774079397337,-0.07286652519421986,0.729342317501278,-0.29483857791798357,-0.07376551231010904,0.7236654750426722,-0.29843766631587415,-0.07362202717423724,0.7388991283638533,-0.29160993972097415,-0.1444479583457174,0.7348921741623332,-0.29515359640729155,-0.14541144506426254,0.7289892947432776,-0.29910013935913754,-0.1454866547900803,0.6633493081161921,-0.316755667056988,0.0349704250122797,0.6657775740522768,-0.31421244443447854,-0.2768522021846727,0.7002175426936648,-0.2406272314808188,-0.03260037845339611,0.6996704593221361,-0.2422592710294187,-0.13040448227990908,0.4590485896177643,-0.21708016952703357,0.2130396541178048,0.49043096500066585,-0.19139025122820416,-0.36748552375868543,0.3217826679958117,-0.0551198984332507,0.3727889339610578,0.3903722093289126,0.05138307002383065,-0.368005782806124,0.3129215623822548,0.11575722115536816,0.36212528677230704,0.3272445350024605,0.23565821205638623,-0.23249127444904188,0.31133487977258917,0.1556111599378552,0.36220598248671987,0.3031152152264413,0.25312707146113406,-0.3227079613145108,0.3340271950405195,0.1599435419818309,0.2752917377595747,0.31038264213000205,0.25839471909663203,-0.299549011595941,0.31993239095751447,0.16239940991986246,0.3264901029488447,0.31585268082927237,0.21343851737481195,-0.22977854162508457,0.028155957535240323,-0.008305802418965044,0.19060372581062252,-0.028155957535240323,0.008305802418965044,-0.19060372581062252,0.1646408365074322,0.2236432147347422,0.4506689247899547,0.2674549377117892,0.2980244550686592,-0.14387677585685993,-0.0725887779992872,0.19423121290132983,0.6810445203873811,-0.01600611709713807,0.1931484799353524,0.40704275718767824,-0.1189724356289193,0.18060300822694483,0.6958591012524306,-0.09472527965230838,0.1527345007530285,0.43952899092634384,-0.20483765104368878,0.17797788660971472,0.7895925624725668,-0.19430525126046228,0.20401350409160354,0.7023716912253262
